id_news,title,date,title_label,title_score
21888036.0,Detienen a mujer que habría apuñalado a su pareja en Alerce,2021-10-03,NEG,0.569261372089386
22397290.0,La magistrada Mónica Sierpe deja el Poder Judicial después de casi 3 décadas,2021-12-29,NEG,0.5877693891525269
47524788.0,La efectividad de los carabeleros hizo zozobrar al Velero en Santiago,2021-09-17,NEG,0.6108888387680054
21380415.0,Femicidio frustrado mantiene a una mujer con riesgo vital en Puerto Montt,2021-07-20,NEG,0.9968549013137817
22322983.0,Dejan en prisión a un imputado por dos asaltos cerca de escuelas,2021-10-25,NEG,0.9665130972862244
47391427.0,Libro revela la historia del devastador tsunami que golpeó a la localidad de Quenuir en el sur de Chile en mayo de 1960,2021-11-02,NEG,0.5506681799888611
21909759.0,"Pesar por fallecimiento del Rector creador de UACh Sede Puerto Montt, Dr. Juan Jorge Ebert Kroneberg",2021-12-27,NEG,0.8817591667175293
47521777.0,En Puerto Montt y Puerto Varas parte cita cestera de clubes de menores,2021-08-14,NEG,0.9850696921348572
47519054.0,Un masajista es declarado culpable de dos abusos sexuales contra mujeres,2021-07-14,NEG,0.9637009501457214
47524050.0,Sentencian a Delfines a devolver más de $234 millones a la Municipalidad,2021-09-01,NEG,0.9972230195999146
21939972.0,PDI de Puerto Montt incautó encomienda con éxtasis proveniente de Holanda,2021-08-12,NEG,0.6049156785011292
21427297.0,"Operativo deja en cero Lista de Espera de Cirugía y Traumatología Infantil en Chaitén, Futaleufú y Palena",2021-11-12,NEG,0.5918101072311401
21888020.0,3 personas lesionadas dejó accidente vehicular esta madrugada en Puerto Montt,2021-11-20,NEG,0.8695493936538696
21910346.0,Un muerto dejó accidente vehicular en la ruta entre Alerce y Puerto Varas,2021-11-19,NEG,0.7010853886604309
21888697.0,Un 23% de locales de Puerto Montt fueron víctimas de algún delito en el primer semestre del año,2021-10-15,NEG,0.9939153790473938
47525959.0,Denuncian al Daem Puerto Montt por suspender clases presenciales,2021-08-25,NEG,0.9234105944633484
21470548.0,10 años de prisión a homicida que quitó la vida a reparador de propiedades,2021-08-01,NEG,0.9955257773399353
21910205.0,"Operativo deja en cero Lista de Espera de Cirugía y Traumatología Infantil en Chaitén, Futaleufú y Palena",2021-11-26,NEG,0.5918101072311401
47529076.0,"Dos detenido por ""pasear"" a menor en maletero de un auto",2021-10-28,NEG,0.8500210046768188
21887374.0,Cámara de Comercio de Puerto Montt presenta recurso judicial contra el municipio local,2021-12-21,NEG,0.9648067951202393
47519846.0,Hallan sin vida a un adulto mayor que desapareció en Salto Grande,2021-07-24,NEG,0.9215038418769836
47518023.0,Colisión frontal termina con cuatro lesionados,2021-07-17,NEG,0.9369100332260132
21473352.0,Colisión dejó 2 lesionados en Los Lagos: los conductores habrían estado bajo los efectos del alcohol,2021-10-10,NEG,0.9345131516456604
21887691.0,Dep. Puerto Montt adeuda más de $234 millones al municipio por rendiciones objetadas,2021-08-31,NEG,0.7605285048484802
47528666.0,Seis carabineros lesionados dejaron los disturbios tras marcha por el 18-O,2021-10-20,NEG,0.9801346659660339
21453695.0,Concejal fue denunciado por acoso laboral: Trabajadora acusó malos tratos y labores que no le correspondían,2021-09-02,NEG,0.9941123127937317
47529917.0,Dictaminan 10 años de pena para autor de robo con intimidación,2021-11-01,NEG,0.8531956076622009
21888153.0,Funcionarios del hospital de Puerto Montt se manifiestan por despidos masivos,2021-09-30,NEG,0.9291692972183228
21887590.0,Municipio de Puerto Montt deberá pagar 84 millones por muerte de menor,2021-09-04,NEG,0.6959874629974365
21469901.0,Detienen a mujer que habría apuñalado a su pareja en Puerto Montt,2021-10-04,NEG,0.6807239055633545
21473562.0,Reportan tercer incendio en menos de una semana en Puerto Montt,2021-10-05,NEG,0.987266480922699
21888454.0,Gendarme frustra intento de fuga desde Hospital de Puerto Montt,2021-11-03,NEG,0.9178686141967773
21887495.0,Taller con 22 autos y una moto completamente destruido por incendio en Puerto Montt,2021-12-08,NEG,0.9966192245483398
22396980.0,Encuentran sin vida a comunicador que se extravió en las aguas del lago Llanquihue,2021-12-07,NEG,0.6965067386627197
22335236.0,Encuentran sin vida a comunicador que se extravió en las aguas del lago Llanquihue,2021-12-07,NEG,0.6965067386627197
21888237.0,Una persona lesionada deja colisión frontal en la ruta Alerce – Puerto Montt,2021-11-07,NEG,0.693824052810669
21469122.0,Sujeto de 47 años es detenido tras 6 años prófugo por denuncia de violencia intrafamiliar,2021-11-14,NEG,0.6678200960159302
21470175.0,Pareja de adultos mayores falleció por incendio en su vivienda,2021-08-17,NEG,0.958437442779541
21474135.0,Pareja de adultos mayores falleció por incendio en su vivienda,2021-08-17,NEG,0.958437442779541
21887744.0,Joven que egresaría de cuarto medio murió en incendio registrado en Puerto Montt,2021-08-25,NEG,0.9875404238700867
21887365.0,Lenta habilitación de mesas en algunos locales de Puerto Montt generó molestia en electores,2021-12-19,NEG,0.9978950023651123
21433387.0,Aduanas decomisan camión y minibús por infringir normativas de Zona Franca,2021-07-13,NEG,0.8852900266647339
21409928.0,Delegado Geisse lamentó hechos de violencia en manifestaciones que dejaron 4 detenidos y seis carabineros lesionados,2021-10-19,NEG,0.7274035215377808
22334751.0,Desbaratan banda que buscaba traficar 20 mil dosis de droga en la provincia,2021-11-12,NEG,0.9417409300804138
21888577.0,Por secuestro cuatro personas fueron detenidas por Carabineros en Puerto Montt,2021-10-28,NEG,0.5085470676422119
21911600.0,Dos manifestaciones con cortes de ruta se registran en la Región de Los Lagos,2021-11-08,NEG,0.9840584397315979
21473375.0,Dos fallecidos y un lesionado de gravedad dejó un accidente de tránsito en Puerto Montt,2021-11-14,NEG,0.9843420386314392
21473136.0,Vehículo atravesó poste eléctrico y tres personas quedaron heridas,2021-11-20,NEG,0.9966373443603516
21474372.0,Accidente de tránsito terminó con la vida de un caballo: Camión lo impactó y murió en el lugar,2021-07-05,NEG,0.9477917551994324
22333607.0,Nuevos contagios sumaron 48 en la región y subió a 189 la cifra de enfermos activos,2021-10-24,NEG,0.9462987184524536
21475437.0,"Alcalde Paredes por retroceso a Fase 3 y bajas en vacunación: ""Es una alerta, cuidemos lo que tenemos”",2021-11-24,NEG,0.6641117930412292
21475663.0,Cayó clan familiar que mantenía más de 7 kilos de droga: Madre era la líder de la banda,2021-11-12,NEG,0.8275044560432434
47529861.0,Delfines y los flancos que se le abren para lograr título o asegurar liguilla,2021-11-03,NEG,0.5222586393356323
22335946.0,Autoridades coincidieron en que ambulantes están desbordados,2021-12-23,NEG,0.9986967444419861
21470423.0,Robos y daños afectaron a escuela y jardín de Puerto Montt: Pérdidas bordean los 200 millones de pesos,2021-08-17,NEG,0.9970056414604187
21470671.0,Sujeto murió tras sufrir agresión en la calle: Fue golpeado brutalmente en la cabeza,2021-07-28,NEG,0.9938898086547852
21387093.0,Puerto Montt: Colisión de dos vehículos se produjo avenida Mataveri con Ramon Munita,2021-08-04,NEG,0.8418031334877014
21888455.0,Decomisan más de 31 mil dosis de marihuana que intentaban ingresar a Puerto Montt,2021-11-01,NEG,0.8290717005729675
21469740.0,Murió conductor de minibús que chocó en acceso a Puerto Montt,2021-10-20,NEG,0.9364691972732544
47524040.0,Salud reporta diez nuevos contagios de coronavirus en la Región de Los Lagos,2021-09-01,NEG,0.9846961498260498
47521445.0,Sólo ocho comunas de la Región de Los Lagos sumaron ayer casos nuevos de coronavirus,2021-08-11,NEG,0.6790136694908142
22334726.0,Cae banda que robaba salmones desde un centro en Bahía Ilque,2021-11-24,NEG,0.9980308413505554
47522991.0,Casi 27 mil extranjeros viven en la Región de Los Lagos,2021-08-28,NEG,0.5090347528457642
47523307.0,Puerto Montt pierde el invicto en el Chinquihue ante San Felipe,2021-08-29,NEG,0.632148802280426
47528230.0,Investigan venta de sushi en mal estado en dos locales de Puerto Montt,2021-10-19,NEG,0.8289605379104614
47522294.0,Condenan al municipio de Puerto Montt a pagar $85 millones por muerte de un menor,2021-09-02,NEG,0.9952219128608704
47523379.0,Condenan a la Municipalidad al pago de $85 millones por muerte de menor,2021-09-02,NEG,0.9530125260353088
22335098.0,Delfines sufren traspié en casa y buscarán revertir su suerte de visita,2021-11-26,NEG,0.9184632897377014
21470793.0,Mujer está en riesgo vital en Puerto Montt tras agredida por su pareja,2021-07-20,NEG,0.9957900643348694
47525961.0,Ruidos molestos se toman los fines de semana en los barrios,2021-08-25,NEG,0.9993835687637329
47525536.0,Corte prohíbe ingreso de conchillas a Cal Austral,2021-09-08,NEG,0.7566125392913818
47523976.0,Mantienen prisión para imputado por homicidio,2021-08-25,NEG,0.7761468887329102
21390599.0,Encuentran fallecido a Chofer al interior de su camión en Servicentro de la Carretera,2021-07-31,NEG,0.5849661231040955
21939825.0,"Cámara de Comercio, Industria y Turismo de Puerto Montt critica restricciones para arribo de extranjeros a Chile",2021-09-17,NEG,0.9461629390716553
21888221.0,6 personas lesionadas dejó accidente de tránsito en la ruta Alerce Puerto Montt,2021-09-14,NEG,0.9449074864387512
21476548.0,Condenan a hombre que abusó sexualmente de su propia hija en Puerto Varas,2021-08-29,NEG,0.8990902304649353
21473845.0,Incendio consume 2 casas y una bodega en Puerto Montt,2021-09-19,NEG,0.9815611243247986
21381706.0,Condenan por violación a hombre que habría abusado a mujer de 28 años,2021-09-03,NEG,0.8469750881195068
22332054.0,Tres casas afectadas y cinco damnificados por incendio en Puerto Montt,2021-09-18,NEG,0.9800604581832886
47522427.0,Bomberos de Puerto Montt auxilian a un joven que fue apuñalado en el oído izquierdo,2021-08-16,NEG,0.7175493240356445
21470306.0,Sujeto propinó un hachazo a su vecino por “ruidos molestos”,2021-08-23,NEG,0.9979483485221863
21474185.0,Detienen a imputado por homicidio frustrado en Calbuco: víctima quedó en riesgo vital,2021-08-08,NEG,0.8644434809684753
21476170.0,Murió conocida comunicadora de Puerto Montt a los 51 años,2021-09-24,NEG,0.9697971940040588
21476506.0,Deportes Puerto Montt deberá pagar millonaria suma a municipio: Se probaron gastos mal rendidos,2021-08-31,NEG,0.9367331266403198
21382245.0,Puerto Montt: 7 personas resultaron damnificadas en incendio que afectó vivienda de Metri,2021-07-18,NEG,0.9867629408836365
47524148.0,Prevén temporada de incendios compleja tras 12 años de sequía,2021-09-04,NEG,0.9985966086387634
47521259.0,Labocar pericia videos que grabó presunto homicida de un joven vendedor ambulante,2021-08-07,NEG,0.988836407661438
22597576.0,Puerto Montt: adulto mayor se intenta inmolar en el Departamento de Salud Municipal,2021-12-16,NEG,0.787152886390686
47525966.0,A Puerto Montt le faltó la guinda de la torta y le igualaron en la agonía,2021-08-25,NEG,0.996669590473175
47533394.0,Adulto mayor se intenta inmolar en el Departamento de Salud Municipal,2021-12-16,NEG,0.9042356014251709
47522436.0,Puerto Montt sólo igualó ante Iquique y cedió la punta del ascenso,2021-08-16,NEG,0.6962778568267822
47519378.0,Delfines tropiezan en Calama y ceden terreno en la punta de la Primera B,2021-07-22,NEG,0.6496301889419556
22330360.0,Indagan atención que recibía joven que murió en residencia,2021-10-16,NEG,0.9983287453651428
21888573.0,En arresto domiciliario quedaron dos hombres por encerrar a un niño en un maletero en Puerto Montt,2021-10-28,NEG,0.9397209286689758
21888231.0,Automóvil chocó con poste del alumbrado público en ruta costera a Pelluco en Puerto Montt,2021-11-07,NEG,0.8525190353393555
21470639.0,Proceso de vacunación en Puerto Montt fue suspendido en cuatro centros,2021-07-22,NEG,0.6963973641395569
21472991.0,Infante sufrió quemaduras de gravedad tras caerle un hervidor con agua caliente,2021-11-27,NEG,0.9966716766357422
22327218.0,Aumentan casos sospechosos de variante delta en provincias de Llanquihue y Chiloé,2021-08-29,NEG,0.9462704658508301
22330171.0,Un conductor de minubús que viajaba hacia Puerto Varas murió en la Ruta 5 Sur,2021-10-20,NEG,0.7701348066329956
47519145.0,Decomisan un camión por vulnerar normativa que rige a Zona Franca,2021-07-13,NEG,0.9943307638168335
47533943.0,Incendio en piscicultura deja tres trabajadores con lesiones,2021-12-21,NEG,0.9901745319366455
22397185.0,Incendio en piscicultura deja tres trabajadores con lesiones,2021-12-21,NEG,0.9901745319366455
21912754.0,Duras críticas al Semana realizó la Unión Comunal de Adultos Mayores de Puerto Montt,2021-10-05,NEG,0.9984880685806274
21379829.0,"Aduana de Puerto Montt incauta 2 autos por contrabando con régimen de Zona Franca, que viajaban de Chaitén",2021-12-16,NEG,0.5238561034202576
47518733.0,Dos lesionados graves tras violenta colisión frontal en Colonia Río Sur,2021-07-08,NEG,0.8659294843673706
21473569.0,"Sujetos encerraron a niño de 12 años en el maletero de un auto: Dijeron que era una ""broma""",2021-10-27,NEG,0.9734023213386536
21476367.0,Pastor evangélico es acusado de abuso sexual contra joven de 18 años,2021-09-06,NEG,0.9945171475410461
21386921.0,Puerto Montt: Falleció joven que fue apuñalado en Población Bellavista y que se mantenía grave en el hospital regional,2021-08-06,NEG,0.6568396091461182
21887502.0,Sernapesca detecta el ingreso de casi 5 toneladas de carga ilegal a planta de proceso en Puerto Montt,2021-12-07,NEG,0.9138745665550232
21476012.0,2 jóvenes son acusados de abuso sexual en colegio de Los Lagos,2021-09-05,NEG,0.9896988272666931
22389965.0,Casi 27 mil extranjeros viven en la Región de Los Lagos,2021-08-28,NEG,0.5090347528457642
47530358.0,Con suspenso Delfines clasifican a la liguilla y esperan a Copiapó,2021-11-14,NEG,0.9779395461082458
21914436.0,Gendarmes incautaron droga en pan de molde y chocolates blancos en cárcel de Alto Bonito,2021-07-22,NEG,0.5776384472846985
21912955.0,Canes de la policía marítima detectan droga avaluada en cerca de 17 millones de pesos en acceso norte a Chiloé,2021-09-22,NEG,0.9156716465950012
21888435.0,Decomisan droga al interior de chalas en cárcel de Puerto Montt,2021-11-03,NEG,0.6608319282531738
21473131.0,Sujeto es intensamente buscado por responsabilidad en femicidio frustrado: Se dio a la fuga tras atacar a su cónyuge,2021-10-21,NEG,0.9911481142044067
21470634.0,Investigan fatal atropello a una joven en Puerto Montt,2021-07-23,NEG,0.5155685544013977
21472994.0,Detienen a hombre acusado de asesinar a su vecino en Puerto Montt,2021-12-13,NEG,0.8378146290779114
21473273.0,Detienen a mujer acusada de haber atacado con arma blanca a su pareja en pelea familiar,2021-10-03,NEG,0.8755039572715759
47526191.0,Delfines visitan a la Universidad de Concepción con la obligación de sumar,2021-09-27,NEG,0.6414899230003357
22327010.0,Un adolescente de 16 años aparece en la lista de nueve muertos por coronavirus,2021-08-13,NEG,0.9986194372177124
22328883.0,Puerto Montt reclamó a la ANFP y a Castrilli por el mal arbitraje,2021-10-15,NEG,0.8328530192375183
47522573.0,Daem Puerto Montt denuncia múltiples robos en jardines y escuelas municipales,2021-08-17,NEG,0.9365156888961792
21445969.0,Rama Femenina de Básquetbol sólo cosechó triunfos en Llanquihue,2021-10-05,NEG,0.987108051776886
21888146.0,Armada incauta más de 9 toneladas de salmones en Puerto Montt y da duro golpe a bandas dedicadas al robo desde centros de cultivos,2021-11-24,NEG,0.9978994131088257
47524638.0,Propuesta de Centro Oncológico genera dudas en Colegio Médico,2021-09-07,NEG,0.9915465712547302
47519083.0,Joven motociclista muere al impactar con poste de electricidad en Calbuco,2021-07-12,NEG,0.7929268479347229
22330598.0,Imputado golpea a gendarme e intenta fugarse del hospital,2021-11-04,NEG,0.9856143593788147
22334646.0,Críticas a locomoción y largas filas: el lado negativo de una masiva jornada,2021-11-22,NEG,0.9991421699523926
47519056.0,Abuelo estuvo perdido 24 horas con 2 millones de pesos en sus bolsillos,2021-07-14,NEG,0.9991557598114014
47520864.0,Delfines se comprometen a hundir al cuadro del Almirante mañana,2021-07-31,NEG,0.9987767338752747
21888680.0,Solo la mitad de los microbuses urbanos de Puerto Montt se encuentra trabajando debido a la falta de choferes,2021-10-18,NEG,0.9679127931594849
22332127.0,Siete lesionados dejó colisión vehicular en vía a Pelluco frente a caleta de pescadores,2021-09-21,NEG,0.9233910441398621
21888465.0,Millonaria multa arriesga el DAEM de Puerto Montt debido a clases suspendidas por congreso del Colegio de Profesores,2021-10-29,NEG,0.9965794682502747
21472636.0,Joven de 18 años fue asesinado en conocido centro de eventos de Puerto Montt,2021-12-30,NEG,0.8364688158035278
21386876.0,Puerto Montt: Dos viviendas de población 18 de Septiembre resultaron destruidas por incendio,2021-08-13,NEG,0.9894965291023254
22397004.0,Región: más de 150 mil personas pueden quedar con su pase de movilidad inhabilitado,2021-12-30,NEG,0.7017771005630493
47526253.0,Plan Frontera Protegida pone en duda pronta recalada de cruceros,2021-09-16,NEG,0.9790079593658447
22334847.0,Conductor de un automóvil muere en colisión frontal con una camioneta,2021-11-19,NEG,0.9908958077430725
22336143.0,"En 26,9% caen los contagios nuevos de coronavirus en la Región de Los Lagos",2021-12-28,NEG,0.9979519248008728
47525928.0,Abordan dificultades de las mujeres para acceder al sistema judicial,2021-09-26,NEG,0.7335276007652283
22329084.0,Formalizan a un sujeto por agredir con bloques de cemento a carabineros,2021-10-21,NEG,0.9710270762443542
22330637.0,Puerto Montt pagó caro un error arbitral y enredó puntos en casa,2021-11-06,NEG,0.9966028928756714
47526595.0,Con escasez de choferes el transporte público vivió fin de toque de queda,2021-10-04,NEG,0.6970835328102112
47529911.0,"Jefe del OS 7 califica de ""sigilosas"" las operaciones de bandas de extranjeros",2021-11-01,NEG,0.9834411144256592
22331918.0,Tribunal oral condena a 10 años de cárcel a acusado de violar a su hijo,2021-08-27,NEG,0.9932987689971924
47521756.0,Joven muere tras chocar con árbol en Los Muermos,2021-08-14,NEG,0.7752335071563721
21888206.0,5 personas damnificadas tras incendio en Puerto Montt,2021-09-17,NEG,0.9884092807769775
21473576.0,Municipio deberá pagar millonaria indemnización a padre de niña que murió por falta de atención médica: Solo le diagnosticaban resfríos,2021-09-03,NEG,0.9969854950904846
21888161.0,Contraloría detecta el pago indebido por 600 millones de pesos por parte del municipio de Puerto Montt a la empresa que construyó la pileta de aguas danzantes,2021-11-23,NEG,0.9114000201225281
21472802.0,Otro incendio forestal se registra en la región de Los Lagos: Carro de Bomberos chocó camino a la emergencia,2021-12-28,NEG,0.9925416707992554
22336110.0,Más de 150 mil personas pueden quedar con su pase de movilidad inhabilitado,2021-12-30,NEG,0.7578386068344116
22335158.0,Incendios en Puerto Montt provocan pérdidas millonarias y lesionados,2021-11-29,NEG,0.998024582862854
47521195.0,Tras 20 meses siguen las manifestaciones por la desaparición de Claudia Agüero,2021-08-04,NEG,0.9605576992034912
22330561.0,"En medio de polémica por fixture, Delfines juegan decisivo pleito en casa",2021-11-05,NEG,0.5721704959869385
22597437.0,Bebé de un año y ocho meses está grave tras caerle hervidor con agua,2021-11-27,NEG,0.999329686164856
47532377.0,Profesor de música muere de hanta: familia acusa diagnóstico tardío,2021-11-30,NEG,0.6008424162864685
47520739.0,Fallida funa contra restaurante se viralizó en las redes sociales,2021-07-30,NEG,0.7393437027931213
22334823.0,FNE lleva a Navimag a tribunal por monopolizar la ruta marítima entre Puerto Montt y Chacabuco,2021-11-23,NEG,0.9979197382926941
22328618.0,Sentencian a 5 años de presidio a carabinero acusado de lesionar a joven con lacrimógena,2021-09-13,NEG,0.8842701315879822
21889391.0,Cámara de Comercio de Puerto Montt manifestó preocupación por falta de trabajadores en el sector,2021-08-09,NEG,0.989822268486023
47519446.0,Una persona muere tras colisión frontal y vecinos reclaman mal estado de la ruta,2021-07-16,NEG,0.994678258895874
47525434.0,Conductor huyó para evitar control de Carabineros en Puerto Montt,2021-09-25,NEG,0.8219940662384033
47517786.0,A la cárcel imputado por robar al interior de autos con inhibidor de alarma,2021-07-09,NEG,0.9781307578086853
47533944.0,Terminal de buses de Puerto Montt registra caída de 50% en salidas,2021-12-21,NEG,0.9956647753715515
21887829.0,Carabineros detiene a tres personas por robo con intimidación y tráfico de drogas en Puerto Montt,2021-11-13,NEG,0.5517180562019348
47522829.0,Matronas y tecnólogos médicos se unen a jornada de protesta nacional,2021-08-27,NEG,0.9611281156539917
47520428.0,Puerto Montt quedó como único líder de la Primera B,2021-08-10,NEG,0.9735963940620422
22330546.0,Hospital de Puerto Montt descarta parto en una silla de ruedas,2021-11-05,NEG,0.884673535823822
47518355.0,Una persona muere y 3 quedan graves en accidente,2021-07-25,NEG,0.998455286026001
47519160.0,Más de 20 mil personas están morosas de los servicios básicos,2021-07-21,NEG,0.9992631077766418
47528667.0,Dudan de representatividad de consulta por baja participación,2021-10-20,NEG,0.5154930949211121
47522653.0,Sismo en DPM: Renuncian dirigenta y técnico del fútbol femenino,2021-08-20,NEG,0.9950792789459229
21889339.0,Indagan falla eléctrica en incendio donde murieron dos adultos mayores en Puerto Montt,2021-08-18,NEG,0.9970434308052063
47519164.0,Una mujer está en riesgo vital tras ser apuñalada en el cuello por su pareja,2021-07-21,NEG,0.9981826543807983
22334939.0,Puerto Montt fue un digno rival y cayó luchando en caldera nortina,2021-12-02,NEG,0.9654471278190613
47523759.0,Pretenden que el Hospital de Castro detecte la variante delta y Chiloé suma 3 bloqueos de pase por incumplimientos,2021-08-27,NEG,0.9761633276939392
47517972.0,Rechazan inédito recurso a favor de los dos falsos constructores: ambos siguen prófugos,2021-07-07,NEG,0.869971513748169
22335214.0,"El ""Zanahoria"" Perez y los ex Puerto Montt que la rompieron en Primera",2021-12-13,NEG,0.9962420463562012
21914756.0,Gremio del transporte de la provincia de Palena se encuentra paralizado,2021-07-13,NEG,0.9988391995429993
47519418.0,Trabajador de Angelmó es encontrado muerto en la avenida del mismo nombre,2021-07-15,NEG,0.8795783519744873
47523906.0,"Pasajero que portaba medio kilo de droga en un bus fue ""delatado"" por can detector",2021-09-09,NEG,0.9730984568595886
47524808.0,Dos viviendas y dos bodegas se quemaron en incendio en el sector de Senda Sur,2021-09-19,NEG,0.9846514463424683
21887362.0,Alcalde de Puerto Montt acusa que Cámara de Comercio es parte del problema del comercio ambulante,2021-12-24,NEG,0.9989540576934814
22335157.0,"Identifican como zona de riesgo el llamado ""túnel"" de Puerto Montt",2021-11-29,NEG,0.6362252831459045
21386760.0,Dirección de Educación Municipal de Puerto Montt condenó robos y destrozos en establecimientos municipales de la comuna,2021-08-16,NEG,0.7932507991790771
47521062.0,Condenan a 10 años de cárcel a acusado de homicidio: víctima tenía 23 lesiones,2021-08-02,NEG,0.9475950598716736
47529102.0,Diez clubes de Primera B exigen sanción contra San Marcos,2021-10-28,NEG,0.7009178400039673
22396486.0,Diez clubes de Primera B exigen sanción contra San Marcos,2021-10-28,NEG,0.7009178400039673
47517744.0,Casos activos retroceden a niveles de fines de 2020,2021-07-02,NEG,0.8958872556686401
47518967.0,PDI desbarata un narco delivery que vendía marihuana y fármacos,2021-07-10,NEG,0.9882223010063171
47518988.0,Rancheras puertomontinas quieren llegar al Grammy,2021-07-10,NEG,0.7350824475288391
47519284.0,Hijas del Temporal aplastaron a Wanderers en goleada de 4-0,2021-07-18,NEG,0.931890606880188
47526131.0,Región sumó 11 nuevos contagios y disminuyen a 121 los casos activos,2021-09-29,NEG,0.9883734583854675
21473473.0,Positiva evolución presenta niño de Frutillar hospitalizado tras ser vacunado contra el coronavirus,2021-10-06,NEG,0.9578267335891724
21470605.0,"La fallida funa de mujer ""antivacuna"" que hizo ""famoso"" a restaurante chileno",2021-07-29,NEG,0.9980717301368713
47527664.0,Cursan unas 900 multas al mes a vehículos mal estacionados,2021-10-11,NEG,0.9974409341812134
22334722.0,Contraloría detecta irregularidades en el pago de las obras de la pileta,2021-11-24,NEG,0.9699908494949341
47531324.0,Secuestro ligado a conflicto entre narcos termina con 4 detenidos,2021-10-29,NEG,0.7013005614280701
21940415.0,Venezolano que dejó a su esposa en riesgo vital quedó en prisión preventiva en Puerto Montt,2021-07-21,NEG,0.702979326248169
47520877.0,Trabajador murió cuando realizaba tareas de jardinería en una empresa,2021-08-01,NEG,0.9690907001495361
47518761.0,Comercio de Puerto Montt vivió el sábado más intenso tras iniciar Fase 3,2021-07-11,NEG,0.960288405418396
47527189.0,Seremi admite que no están las herramientas para erradicar a la gente en situación de calle,2021-10-07,NEG,0.9982062578201294
47532325.0,Poca vacunación por terceras dosis agrava alza de contagiados,2021-11-29,NEG,0.9971655011177063
22335201.0,Un padre y sus dos hijos mueren en incendio en población Montealegre de Puerto Varas,2021-12-13,NEG,0.9964951872825623
47525062.0,Renunció director de Turismo de la Municipalidad,2021-09-21,NEG,0.7886585593223572
47529095.0,Puerto Montt se farrea el triunfo y deja escapar puntos de oro en casa,2021-10-28,NEG,0.9960434436798096
47519561.0,Una persona muere y tres quedan graves en accidente,2021-07-25,NEG,0.9981076717376709
21888220.0,"Incautan drogas, armas blancas y celulares en cárcel Alto Bonito de Puerto Montt",2021-09-17,NEG,0.9742645621299744
47524302.0,Cuatro personas lesionadas deja colisión de un taxi colectivo con un bus en Ejército,2021-09-05,NEG,0.9737306833267212
47524419.0,Cámara de Comercio pide revisar casos de mipymes excluidas de bonos,2021-09-09,NEG,0.5182226300239563
47534280.0,"Chilote pierde la vida en accidente en cruce Avellanal, cerca del sector de Pargua",2021-12-29,NEG,0.6566557884216309
22335406.0,Castro se despidió con derrota de Copa Chile,2021-12-16,NEG,0.8549999594688416
22335138.0,Incendio destruye una casa y deja serios daños en otras dos,2021-12-05,NEG,0.9973315000534058
22336001.0,La soledad de un hombre y su oficio se revela hoy en el teatro,2021-12-17,NEG,0.7689045071601868
22334047.0,Pesar causa en Quellón muerte de vecino tras volcamiento de móvil,2021-12-29,NEG,0.9767708778381348
21469344.0,Malas noticias: Puerto Montt retrocede a Fase 2,2021-12-09,NEG,0.6993128061294556
21888716.0,Contraloría detecta cambios presupuestarios sin autorización del Concejo Municipal de Puerto Montt,2021-10-13,NEG,0.9960139989852905
21475194.0,Planta salmonera debió ser evacuada por fuga de amoniaco,2021-12-27,NEG,0.9108673334121704
47526369.0,Puerto Montt es una de las ciudades con más víctimas por homicidio,2021-10-02,NEG,0.995319664478302
47528630.0,Otro asalto afecta a 2 funcionarios de la educación en Puerto Montt,2021-10-23,NEG,0.9718536138534546
22330460.0,Advierten sobre la importación de nuevas prácticas delictivas,2021-10-31,NEG,0.9901547431945801
47529763.0,CEB Femenino cayó en su duelo ante la UFRO y bajó al tercer puesto,2021-11-08,NEG,0.9300784468650818
21890119.0,Vecinos de Panitao se toman la Ruta-815 por mal estado del camino,2021-07-20,NEG,0.9951753616333008
21469514.0,Falleció niño de 4 años gravemente herido tras sufrir accidente de tránsito junto a su familia,2021-11-17,NEG,0.9924334287643433
21470607.0,Hombre falleció tras volcarse en un tractor,2021-07-24,NEG,0.9343043565750122
47519489.0,Conaf denunció corte ilegal de bosque nativo en terreno destinado a proyecto inmobiliario,2021-07-23,NEG,0.788685142993927
47517614.0,Advierten que aún no hay información del proyecto de viviendas,2021-07-01,NEG,0.6143289804458618
47532194.0,Servicio de Salud no entregará terreno para construir el centro oncológico,2021-12-01,NEG,0.9973811507225037
22336066.0,Delfines se desmantelan y recién en enero habría un nuevo técnico,2021-12-25,NEG,0.6461079120635986
21889461.0,Otra tragedia: Dos adultos mayores mueren en un incendio en la capital regional,2021-08-18,NEG,0.9990893602371216
21476812.0,Encuentran cadáver en la región de Los Lagos: Habría fallecido de hipotermia,2021-07-20,NEG,0.7965947389602661
21474169.0,Hasta por 30 mil pesos: Sujeto fue condenado a arresto domiciliario por vender falsos permisos colectivos por internet,2021-08-10,NEG,0.6954476237297058
21476344.0,¿Supiste? Corte de agua afectará a diversos sectores de Puerto Montt por 6 horas,2021-09-09,NEG,0.6623452305793762
21476678.0,Víctima fatal de incendio tenía tan solo 19 años: Estaba a meses de egresar de cuarto medio,2021-08-25,NEG,0.9882955551147461
21939892.0,Dos personas en situación de calle fallecieron en las últimas horas en la región,2021-08-09,NEG,0.9919285774230957
21836909.0,Carabinero de Puerto Montt fue formalizado por lesiones leves contra su polola en Osorno,2021-08-18,NEG,0.5890153646469116
21469239.0,4 vehículos fueron violentamente impactados por camión: Presentó supuesto corte de frenos,2021-12-14,NEG,0.992779552936554
21470613.0,Camionero fue encontrado sin vida en estacionamiento de servicentro: Investigan causas de su muerte,2021-07-30,NEG,0.7551577687263489
47519163.0,Vecinos se toman Ruta Costera y revelan que 15 personas han muerto en esta vía,2021-07-21,NEG,0.9753578305244446
47517093.0,La provincia de Osorno sumó 41 casos de coronavirus este domingo y un fallecido,2021-07-05,NEG,0.9784075617790222
22334649.0,Se negaron a ser vocales de mesa y terminaron detenidos por la policía,2021-11-22,NEG,0.9959374666213989
47529615.0,Santiago Morning se metió en puestos de ascenso en la Primera B,2021-11-02,NEG,0.9980792999267578
22334609.0,Más de 7 kilómetros a caballo viajó una mujer para denunciar agresión,2021-11-20,NEG,0.9452046155929565
22335854.0,Más de mil pacientes son atendidos por VIH en el hospital: inquieta tardío diagnóstico,2021-12-09,NEG,0.9991520643234253
21449933.0,Preocupa detección tardía de VIH,2021-12-02,NEG,0.9964383840560913
21474041.0,Justicia rechazó recurso de protección contra propietario por impedir libre acceso a la playa: Mujer acusó afectación a su fuente de ingresos,2021-08-19,NEG,0.8296655416488647
21887955.0,Dos bomberos resultaron lesionados en incendio de residencial en Puerto Montt,2021-10-03,NEG,0.9830198884010315
22396019.0,Región de Los Lagos: advierten sobre la importación de nuevas prácticas delictivas,2021-11-02,NEG,0.9343785047531128
47519844.0,Un imputado por violación se suicidó en penal de Alto Bonito,2021-07-24,NEG,0.9787302613258362
47524637.0,Pastor de iglesia evangélica es formalizado por el delito de abuso sexual en Puerto Montt,2021-09-07,NEG,0.9834622144699097
22335876.0,Piden revisar libertad de un acusado de amenazar con un machete a pareja,2021-12-14,NEG,0.562150239944458
22327501.0,Falsos constructores condenados a 3 años se entregan en la cárcel,2021-09-11,NEG,0.9746665358543396
47529841.0,Enfermera es dada de alta con heridas en el rostro y esguinces,2021-11-03,NEG,0.9597698450088501
21378388.0,Diputado Santana pidió trabajar en una política regional de infraestructura debido a la saturación de cementerios,2021-11-02,NEG,0.9152603149414062
47530337.0,Madre de familia lideraba banda de narcotraficantes en la zona,2021-11-13,NEG,0.9284681081771851
22335179.0,Desde este sábado Puerto Montt vuelve a fase 2 con fuerte restricción en aforos,2021-12-10,NEG,0.9938765168190002
22335845.0,"Incendio destruye casa de 2 pisos y taller con 21 autos, camión y moto",2021-12-09,NEG,0.9919005632400513
47526125.0,Paralización develó dificultades en la recolección de basura,2021-09-29,NEG,0.996852695941925
22335106.0,Delfines cierran el año y buscan retener al DT Felipe Cornejo,2021-12-03,NEG,0.9945635199546814
21477228.0,¿Supiste? Corte de agua potable afectará a sectores de Puerto Montt por 6 horas,2021-07-08,NEG,0.969523012638092
21470329.0,Hombre de 34 años perdió la vida tras recibir impactos balísticos: su agresor fue condenado,2021-08-21,NEG,0.7485098838806152
21475656.0,Mujer fue atropellada por su pareja tras discusión: Sujeto mantenía antecedentes por Violencia Intrafamiliar,2021-11-03,NEG,0.912852942943573
21473130.0,Puerto Montt: Hombre llegó a votar después de su turno de noche y no pudo hacerlo,2021-11-21,NEG,0.9991365075111389
21469721.0,Furgón escolar perdió el control en choque: Llevaba niños al momento del accidente,2021-10-21,NEG,0.984953761100769
47522987.0,"Qué vendrá para Alerce si la comunidad dice ""sí"" a la separación de Puerto Montt",2021-08-28,NEG,0.9931596517562866
47530641.0,Incertidumbre frena el desarrollo de grandes proyectos en sector comercio,2021-11-16,NEG,0.9933550357818604
22325408.0,Incertidumbre frena el desarrollo de grandes proyectos en sector comercio,2021-11-16,NEG,0.9933550357818604
22330652.0,Funcionarios del Eleam de Alerce protestan contra la falta de personal,2021-11-06,NEG,0.9674199819564819
47519368.0,Dejan en prisión a imputado que intentó asesinar a su pareja,2021-07-22,NEG,0.9683496952056885
21421927.0,Hombre falleció mientras jugaba fútbol: Sufrió paro cardiorrespiratorio en un gimnasio,2021-07-07,NEG,0.9780043363571167
21474274.0,Joven permanece en riesgo vital tras ser brutalmente agredido: Fue encontrado agonizando en plena vía pública,2021-08-05,NEG,0.9898549318313599
21474290.0,¿Supiste? Corte de agua potable afectará a diversos sectores de Puerto Montt por 6 horas,2021-08-03,NEG,0.9379797577857971
21474343.0,Sujeto de 25 años apuñaló y dejó en riesgo vital a su tío en Calbuco,2021-07-18,NEG,0.9983715415000916
21475686.0,Camionero falleció tras fatal accidente: Cayó de maquina cargada con pallet y murió inmediatamente,2021-11-11,NEG,0.9769659638404846
21473681.0,"Denuncian registro de carreras clandestinas, desórdenes públicos y riñas en zona costera de Puerto Montt",2021-10-08,NEG,0.976065456867218
21475509.0,Agreden con elemento contundente y en vía pública a joven de 23 años: está internado en Hospital de la zona,2021-10-23,NEG,0.9979578256607056
21888214.0,Detienen a hombre que amenazó con quemar la casa de su arrendadora en Puerto Montt,2021-09-15,NEG,0.8211460709571838
21469238.0,San Pablo: un adulto mayor y su sobrina mueren en incendio,2021-11-29,NEG,0.9932209253311157
21388607.0,Asociación de Transportes de la Provincia de Palena paralizada por restricciones de carga impuesta por el MOP,2021-07-09,NEG,0.9937615990638733
21381300.0,Preocupa detección tardía de VIH,2021-12-02,NEG,0.9964383840560913
47529684.0,Cae banda que había logrado millonarios botines en 10 robos,2021-11-05,NEG,0.9962508082389832
47521253.0,Profesionales de la salud piden no relajarse ni creer que todo pasó,2021-08-07,NEG,0.8496384024620056
21888644.0,Saquearon obras de la Plaza de Puerto Montt: Daños fueron avaluados en $20 millones,2021-10-19,NEG,0.967502772808075
21888683.0,Choferes del Daem de Puerto Montt paralizan otra vez ante incumplimiento de pago,2021-10-18,NEG,0.8822717666625977
21909993.0,Prisión preventiva para hombre de 27 años de edad por llevar más de 15 kilos de drogas en un bus,2021-12-02,NEG,0.6890164017677307
47523388.0,Región suma 12 nuevos contagios de coronavirus en últimas 24 horas,2021-09-02,NEG,0.989328920841217
21473272.0,Murió hombre que sufrió graves quemaduras en incendio en Puerto Varas,2021-11-30,NEG,0.9757406115531921
21469275.0,Desapareció sin explicación: Vecinos denunciaron robo de virgen en reconocida gruta de Puerto Montt,2021-12-13,NEG,0.9776161313056946
21887387.0,Vehículo volcó en la ruta Alerce sus ocupantes huyeron del lugar,2021-12-17,NEG,0.9546164274215698
21475786.0,En solo cosa de minutos: Microbús resultó completamente destruido tras violento incendio,2021-11-10,NEG,0.9928531050682068
21470029.0,Adulta mayor fue amenazada por arrendatario moroso: Amenazó con ir a quemar su casa si le seguía cobrando,2021-09-14,NEG,0.9966764450073242
21470626.0,Encuentran muerto a hombre acusado por presunta violación en Puerto Mont,2021-07-23,NEG,0.6554223895072937
47520792.0,Justicia ordena paralizar construcción de casas cerca de humedal en Alerce,2021-07-29,NEG,0.7263935208320618
47528133.0,Bus de empresa puertomontina es destruido en ataque incendiario en la Región del Bío Bío,2021-11-04,NEG,0.9939420819282532
22331835.0,Sospechan contagios por variante delta en dos colegios de la provincia,2021-08-28,NEG,0.6528635621070862
47529534.0,Bus de empresa puertomontina es destruido en ataque incendiario en la Región del Biobío,2021-11-04,NEG,0.9947189092636108
47533804.0,Familia de una joven madre muerta por chofer ebrio teme baja pena para el imputado,2021-12-22,NEG,0.8769580721855164
47378485.0,Siniestro enluta a Puerto Varas tras el fallecimiento de un adulto y dos menores de edad,2021-12-12,NEG,0.998925507068634
21887562.0,Chofer que causó muerte a liceano en Puerto Montt quedó con arresto domiciliario,2021-09-08,NEG,0.9371998906135559
22335460.0,Incendios destruyen más de 23 mil hectáreas de bosques,2021-12-28,NEG,0.9986422657966614
47531516.0,Nuevo accidente en la cuesta Zúñiga de Puerto Montt dejó tres lesionados,2021-11-09,NEG,0.9085867404937744
47532380.0,Vecino que sufrió graves quemaduras en siniestro falleció en hospital de Santiago,2021-11-30,NEG,0.9841859936714172
21474568.0,Joven fue encontrado sin vida en una playa: Cruce por terreno pantanoso habría causado su deceso,2021-07-13,NEG,0.9956374764442444
21473986.0,Cientos de personas se quedaron sin poder tomar vuelo sin explicación: Fueron bajados del avión y esperaron por horas,2021-09-02,NEG,0.9979173541069031
21472830.0,Puerto Montt: Hombre sin vida fue encontrado en plena vía pública en un árbol,2021-12-28,NEG,0.8424723148345947
21887986.0,Tres detenidos por el robo a conductores de aplicación dejan diligencias investigativas de la PDI en Puerto Montt,2021-11-12,NEG,0.8731691837310791
21830892.0,Delincuentes asaltaron oficinas de la Feria Ganadera de Osorno,2021-11-20,NEG,0.9759749174118042
21476904.0,Colisión dejó un fallecido en la Carretera Austral: conductor estaba en estado de ebriedad,2021-07-11,NEG,0.9909964799880981
22330210.0,Personas en situación de calle en Puerto Montt,2021-07-03,NEG,0.9717411398887634
47534163.0,Grave dos jóvenes en accidente mientras probaban moto regalada en Navidad,2021-12-26,NEG,0.9907109141349792
21385405.0,Alcalde Paredes califica como grave despido de funcionarios del Hospital de Campaña,2021-09-23,NEG,0.9881706237792969
47522603.0,Dos adultos mayores mueren en un incendio,2021-08-18,NEG,0.9949522018432617
21469696.0,Rechazan recurso de nulidad a condenado por violación contra sobrina menor de edad,2021-10-23,NEG,0.5797127485275269
21380574.0,Sin vida fue encontrado joven en sector Alto Tepual en la ciudad de Puerto Montt,2021-07-05,NEG,0.8699929714202881
21382373.0,Puerto Montt: Persona en situación de calle fue encontrada sin vida en Angelmó,2021-07-14,NEG,0.5284859538078308
47520868.0,"Gremios califican de ""riesgosa"" la cifra de no vacunados en la Salud",2021-08-01,NEG,0.9989060163497925
47517610.0,Gremios exigen medidas más severas ante arribo de cepa delta,2021-07-01,NEG,0.9707979559898376
47521060.0,Instalación de cercos podrían atrasar obras de ampliación de calle El Teniente,2021-08-02,NEG,0.9526294469833374
47528689.0,10 extranjeros han sido expulsados por narcotráfico en el último año,2021-10-21,NEG,0.9778528809547424
47524275.0,Riesgo de derrumbe de iglesia de 128 años tiene en alerta a la comunidad de Maullín,2021-09-06,NEG,0.9547677040100098
47520747.0,Imputado de violar a menor de 14 años tenía dos condenas por el mismo delito,2021-07-30,NEG,0.9252604246139526
47524144.0,Vecinos de La Vara y Senda Sur vuelven a cortar el tránsito,2021-09-04,NEG,0.9990686774253845
22334728.0,Silente reacción local por presentación en contra de Navimag,2021-11-24,NEG,0.9905638694763184
21888650.0,Trabajadores de constructora Coex se tomaron acceso a Puerto Montt por varios minutos exigiendo el pago de sus sueldos,2021-10-19,NEG,0.7631638050079346
22330252.0,Accidente de tránsito en Ruta 5 Sur nuevamente involucra a un minibús,2021-10-26,NEG,0.9226312041282654
22331163.0,Reportan 46 nuevos contagios de coronavirus en la región,2021-07-22,NEG,0.9338730573654175
47527598.0,Accidente de tránsito en Ruta 5 Sur nuevamente involucra a un minibús,2021-10-26,NEG,0.9226312041282654
47525153.0,Sentencian a 6 años de presidio a sujeto que llevaba drogas el año 2020,2021-10-03,NEG,0.8889158964157104
21913779.0,Diputado Santana solicitó a Subpesca mantener cuotas de extracción de sardina austral,2021-08-13,NEG,0.5906720161437988
21473785.0,Sujeto mató a hombre por robar su droga: fue condenado,2021-09-11,NEG,0.7777051329612732
21477274.0,A más de 2 años de la tragedia: Investigación por caída de avioneta en una casa estaría llegando a su fin,2021-07-06,NEG,0.9976781010627747
21475599.0,Reo intentó escapar mientras esperaba atención hospitalaria: Le pegó a gendarme en la cabeza,2021-11-04,NEG,0.9947459697723389
21473939.0,Adulto mayor fue formalizado por abuso sexual contra menor de 13 años,2021-09-15,NEG,0.8245555758476257
21382602.0,Triple colisión se registró en cuesta Zuñiga de Puerto Montt,2021-07-06,NEG,0.9367331266403198
21382571.0,Puerto Montt: Colisión en sector Cardonal dejó una mujer embarazada lesionada,2021-07-07,NEG,0.816868245601654
21476028.0,Dos ciudadanos extranjeros fueron detenidos por microtráfico: Registraban papeles legales vencidos,2021-10-29,NEG,0.927853524684906
21475256.0,Conductores ebrios provocaron múltiples accidentes de tránsito: Hay un menor de edad grave,2021-12-26,NEG,0.9877830147743225
21476942.0,Mujer murió en trágico accidente laboral: Portón de ingreso a su lugar de trabajo cayó sobre ella,2021-07-09,NEG,0.9983388185501099
21469531.0,Volcamiento de camioneta impactó a vecinos: Conductor a exceso de velocidad casi atropella a peatones,2021-11-16,NEG,0.9969298243522644
22333925.0,ABA y Castro siguen con duelos en la Isla y chocan con Las Ánimas y el CEB,2021-12-04,NEG,0.9748767614364624
47525932.0,Muere la mujer que asistió más de una década a los tribunales,2021-09-26,NEG,0.9936555624008179
21887557.0,Baja frecuencia de microbuses: El 50% de los choferes dejó el rubro en la región,2021-09-09,NEG,0.9418542385101318
21887570.0,Acusan a jefe jurídico del municipio de Puerto Montt de falta administrativa,2021-09-06,NEG,0.9903429746627808
21910400.0,Fiscalía Local de Puerto Varas investiga causas que originaron incendio donde 2 menores y un adulto perdieron la vida,2021-12-12,NEG,0.6624135375022888
21913102.0,Hallan cadáver en una vivienda en Calbuco con data de muerte de un año: Tiene lesiones de terceros,2021-09-09,NEG,0.9974019527435303
21889879.0,PDI detiene a pareja como autores del crimen de un hombre en Puerto Montt,2021-07-29,NEG,0.5320172905921936
47522441.0,El esperado retorno a Chinquihue del fiel hincha del Albiverde,2021-08-16,NEG,0.5850290060043335
21914368.0,Seremi de Salud informó de 79 nuevos contagios en la región y un fallecido con residencia en San Pablo,2021-07-23,NEG,0.638253390789032
21914626.0,Seremi de Salud informó 10 víctimas fatales y 116 nuevos casos en la región de Los Lagos,2021-07-22,NEG,0.648823082447052
21470099.0,Atentados incendiarios afectaron a Osorno: encontraron lienzo de organización mapuche,2021-07-18,NEG,0.9547473788261414
21473765.0,Sacerdote condenado por abuso sexual realizó polémica misa en Puerto Montt,2021-09-20,NEG,0.5408517122268677
21476163.0,Registran a conductor en estado de ebriedad intentando atropellar peatones y Carabineros,2021-09-24,NEG,0.996685802936554
21476471.0,Detienen a sujeto que agredió con un hacha a su vecino: Ataque se habría debido a ruidos molestos,2021-08-26,NEG,0.9167625308036804
21469872.0,General de Carabineros es investigado tras denuncia por acoso sexual y laboral en contra de funcionaria,2021-08-04,NEG,0.9576775431632996
21382425.0,Tres camiones de la empresa Jorquera de Puerto Montt sufrieron ataque incendiario en la Araucanía,2021-07-12,NEG,0.9679070115089417
21386911.0,Puerto Montt: Casa habitación en calle Crucero fue destruida por incendio que la afectó esta tarde,2021-08-12,NEG,0.5516759753227234
21887917.0,Hombre murió tras caer desde un camión de carga de pallet en Puerto Montt,2021-11-11,NEG,0.8736367225646973
21887925.0,Seis damnificados deja incendio en sector Costa Tenglo Alto de Puerto Montt,2021-11-11,NEG,0.9920002222061157
21888156.0,Joven falleció en accidente en el camino San Antonio de Puerto Montt,2021-11-18,NEG,0.6821783781051636
21888458.0,Conductor sufre violento asalto y robo de su vehículo en Puerto Montt,2021-10-31,NEG,0.9985930323600769
21382483.0,Puerto Montt: Muerte de joven habría sido provocada por inhalación de monóxido de carbono,2021-07-08,NEG,0.8978996872901917
21469529.0,[VIDEO] Incendio arrasó con 3 casas y un local comercial: Se trataba de conocida panadería,2021-11-18,NEG,0.7790015935897827
47524715.0,Tres muertos deja choque en ruta Ensenada: vecinos exigen medidas,2021-09-12,NEG,0.7018951773643494
47526939.0,Marcha por el 18-O termina con dos detenidos y dos policías heridos,2021-10-20,NEG,0.9936741590499878
22515246.0,Diputado Espinoza molesto por contrata en CFT Estatal de acusado de violación a menor.,2021-07-07,NEG,0.9978044629096985
21431823.0,"Morosidad en la región sigue a la baja: Deudores caen un 7,6% el último año",2021-11-13,NEG,0.89409339427948
21382782.0,Declaran admisible recurso de protección de subdirectora de Salud en contra de concejal de Dalcahue,2021-12-23,NEG,0.5461282134056091
21379893.0,Choque frontal dejó un menor de dos años grave,2021-11-14,NEG,0.9985346794128418
47520793.0,Asesinan a un hombre que llevaba 3 semanas en libertad,2021-07-29,NEG,0.9982743263244629
22335899.0,Escaso transporte y rápida votación marcaron la jornada,2021-12-20,NEG,0.9760284423828125
22325755.0,Dos mujeres murieron en accidente de tránsito a 3 kilómetros del aeropuerto de Puerto Montt,2021-11-14,NEG,0.7125735282897949
47521749.0,"Registran que 29,7% de transeúntes no usa mascarilla en la vía pública",2021-08-14,NEG,0.9968597888946533
47519139.0,Balean e incendian camiones de puertomontinos en La Araucanía,2021-07-13,NEG,0.9866243600845337
47522597.0,Gremios acusan que el Hospital funciona al tope de su capacidad,2021-08-18,NEG,0.9986427426338196
22328857.0,Investigan muerte de un joven en residencia dedicada a salud mental,2021-10-15,NEG,0.8513807654380798
47527672.0,Dos lesionados deja colisión entre un vehículo y un microbús en Puerto Montt,2021-10-11,NEG,0.9895294308662415
22325607.0,La provincia suma 21 nuevos infectados de coronavirus,2021-12-16,NEG,0.9936681389808655
21470524.0,[VIDEO] Detención ciudadana: Hombre acusado de violar a una adolescente de 14 años fue golpeado y atrapado por vecinos,2021-08-02,NEG,0.946244478225708
21474197.0,Colegio de Puerto Montt es investigado por denuncias de abusos sexuales,2021-08-10,NEG,0.7102511525154114
21476231.0,Agrupaciones de Derechos Humanos exigen disculpas públicas tras retiro forzoso de lienzo por parte de Carabineros,2021-09-01,NEG,0.5058388113975525
21473204.0,Repartidor de cigarrillos sufrió violento asalto en población de Puerto Montt,2021-12-01,NEG,0.9942829608917236
21476218.0,Roban más de $2 millones desde caja fuerte en notaría de Puerto Montt,2021-09-24,NEG,0.9147728681564331
21472605.0,Diputado denunció ‘campaña del terror’ por parte de adherentes de Kast: amenazaron con cierre de campos,2021-12-18,NEG,0.982953667640686
21474576.0,No digas que no te avisamos: Masivo corte de luz se extenderá por 6 horas en sectores de Puerto Montt,2021-07-14,NEG,0.7480828166007996
21473326.0,Exestudiantes de reconocido colegio de Puerto Montt protestaron por denuncias de abuso sexual en el recinto,2021-11-29,NEG,0.5335472226142883
21476092.0,Ésta fue la sentencia para sujeto que golpeó a expareja dejándola con graves secuelas,2021-09-29,NEG,0.9985226988792419
21380643.0,Adulto Mayor desaparecido en Calbuco fue encontrado sin vida en Chiloé,2021-07-03,NEG,0.7478528022766113
21939858.0,Emergencia ambiental en Puerto Montt y Puerto Varas por mala ventilación,2021-08-01,NEG,0.9125714898109436
21941299.0,Ministro de Interior por violencia rural en Osorno: «No crea que no hemos encontrado pistas»,2021-07-10,NEG,0.9188753366470337
21888457.0,Insólita broma de Halloween deja falso carabinero detenido en Puerto Montt,2021-11-02,NEG,0.98664790391922
21382212.0,Liga Sudamericana se jugará en Puerto Montt por deteriorado estado de Coliseo Municipal,2021-08-28,NEG,0.5805731415748596
21475023.0,Hombre murió atropellado en Calbuco,2021-12-28,NEG,0.7645376920700073
21470653.0,Una vez más: Ataque a dos amigos terminó con una muerte en población de Puerto Montt,2021-07-29,NEG,0.7085080146789551
47518959.0,Estudio devela amplia deuda de política habitacional en la zona,2021-07-10,NEG,0.9982355833053589
22597719.0,Informe narco confirma alza de detenidos y decomisos en un año,2021-11-08,NEG,0.6763467192649841
47524564.0,Disminución de camas UCI pone en alerta a gremios que acusan mayor carga laboral,2021-09-11,NEG,0.9953983426094055
47520743.0,Un muerto y un herido grave deja violenta riña en la calle,2021-07-30,NEG,0.994949460029602
47529619.0,Reclaman poca capacidad y lentitud de barcaza en ruta Pichicolo-Ayacara,2021-10-25,NEG,0.9928951859474182
47517971.0,Confirman que cuarenta reclusos del penal de Alto Bonito están infectados con coronavirus,2021-07-07,NEG,0.9785566926002502
21382738.0,Detienen a dos sujetos directamente involucrados en homicidio de joven en Castro,2021-10-27,NEG,0.9256738424301147
21887582.0,Cierre de calle céntrica en Puerto Montt genera alto tráfico en horas punta,2021-09-07,NEG,0.9774486422538757
21913689.0,Policía de Investigaciones de Puerto Montt alerta sobre nuevas modalidades de fraude y engaño,2021-08-23,NEG,0.962710440158844
21914090.0,Formalizan a padre e hijo por el delito de tráfico de drogas en Maullín,2021-08-06,NEG,0.8871817588806152
47529596.0,Un hombre fue detenido por atropellar a su pareja,2021-11-02,NEG,0.9505127668380737
21888475.0,Cinco años de presidio a Carabinero que lesionó a joven con una lacrimógena en Pto. Montt,2021-09-13,NEG,0.9985185265541077
21912769.0,Conductor quedó con lesiones tras ser atacado por peonetas de un camión de bebidas en Fresia,2021-10-23,NEG,0.9981379508972168
21470115.0,Libertad vigilada a ex Carabinero por daños neurológicos a adolescente,2021-09-13,NEG,0.8154206871986389
21474117.0,Municipio deberá pagar millonaria indemnización a familia de trabajador: Murió en accidente de tránsito,2021-08-18,NEG,0.9165900945663452
21476520.0,¿Te enteraste? Cortes de luz afectarán a diversos sectores de Puerto Montt por 6 horas,2021-08-31,NEG,0.7168440818786621
21469417.0,Encuentran sin vida a deportista perdido en el Lago Llanquihue,2021-12-06,NEG,0.6913279294967651
21472973.0,En paso peatonal: Mujer realiza desesperada búsqueda para dar con sujeto que la atropelló y causó graves lesiones,2021-12-21,NEG,0.7031342387199402
21380251.0,Puerto Montt: Colisión de dos vehículos menores dejó una mujer embarazada con lesiones,2021-07-27,NEG,0.9867061972618103
21887962.0,Hombre de 37 años del sector La Vara muere a causa del virus hanta,2021-11-28,NEG,0.9504313468933105
21887954.0,Repartidor de cigarrillos sufre violento asalto en población Chile Barrios de Puerto Montt,2021-12-01,NEG,0.9975563287734985
22335328.0,Denunciaron en la Contraloría millonario déficit en el Daem,2021-12-12,NEG,0.9936700463294983
47525063.0,Suciedad y falta de iluminación: los dolores de cabeza de Puerto Montt,2021-09-21,NEG,0.9991806149482727
22331158.0,Más de 180 adultos mayores están abandonados en Puerto Montt,2021-07-22,NEG,0.9986822009086609
22334987.0,Alza de casos hace disminuir la disponibilidad de las camas UCI,2021-12-04,NEG,0.9992849230766296
22334842.0,Universidades locales presentan los desafíos que esperan que aborde una nueva Constitución,2021-11-19,NEG,0.9182689189910889
47519038.0,Casos siguen en descenso y positividad es la más baja,2021-08-01,NEG,0.9964736104011536
47531265.0,Detienen a mujer que ocultaba droga en la pared de su cocina,2021-12-03,NEG,0.7030781507492065
21473786.0,Ordenan a Banco Estado restitución de millonaria suma de dinero perdida por fraude: Institución se negaba a devolver los fondos,2021-09-20,NEG,0.9257656335830688
21887412.0,Cámara de Comercio de Puerto Montt manifestó molestía con Municipio local por modificar ordenanza para control de ambulantes,2021-12-17,NEG,0.8787842392921448
21889436.0,"Estudio: 29,7% de la población de Puerto Montt no usa mascarilla en la vía pública",2021-08-14,NEG,0.9014913439750671
21887697.0,Seremia: Mal servicio de transporte en Puerto Montt se debe a la falta de buses y choferes,2021-09-01,NEG,0.9981295466423035
21888677.0,Colectiveros de Pto. Montt evalúan no prestar servicios esta tarde si hay violencia,2021-10-18,NEG,0.9894452691078186
21914652.0,"Alcalde de Río Negro por ataques incendiarios: «puede ser un hecho aislado, pero nos preocupa que vuelva a ocurrir»",2021-07-19,NEG,0.9532049894332886
47523654.0,Provincia de Osorno sumó dos nuevos casos de coronavirus,2021-09-21,NEG,0.9812458753585815
47524355.0,Viajeros acusan tardanza en la entrega de exámenes PCR en Osorno,2021-09-28,NEG,0.6793600916862488
47527461.0,En 22% aumentan los nuevos casos de coronavirus en la Región de Los Lagos,2021-10-12,NEG,0.9678740501403809
22389687.0,Roban más de 9 millones de pesos en la distribuidora Mix de calle Angulo,2021-08-19,NEG,0.9981772899627686
22334757.0,Polémica causa remate de vaca pintada con propaganda política,2021-11-12,NEG,0.9981054067611694
47519223.0,Delincuentes intentan robar un camión de tabacos,2021-08-03,NEG,0.9912633895874023
22333514.0,"Buscan anular fallo contra ""profe"" por ultrajes",2021-11-11,NEG,0.8202341198921204
21935878.0,Bomberos de Alerce detectó alimentos vencidos entre donaciones para damnificados de Castro,2021-12-14,NEG,0.8341714143753052
21909723.0,Más de 300% de aumento en focos de incendios forestales lleva la región de Los Lagos en 2021,2021-12-28,NEG,0.9988320469856262
21456063.0,Inician querella por vaca rayada con propaganda de Kast: Animal iba a ser sacrificado para consumo humano,2021-11-15,NEG,0.9455087780952454
21475490.0,No digas que no te avisamos: Masivos cortes de luz se extenderán por 6 horas en sectores de Puerto Montt,2021-11-25,NEG,0.7598940134048462
21937736.0,Tribunal de Disciplina mandó al descenso a San Marcos de Arica por caso Zederick Vega,2021-11-08,NEG,0.8788547515869141
21470039.0,¿Te enteraste? Cortes de luz afectarán a diversos sectores de Puerto Montt por 6 horas,2021-09-13,NEG,0.7168440818786621
47523055.0,El 49% de infraestructura crítica está en zona de riesgo de incendio,2021-08-30,NEG,0.9747024774551392
22335981.0,Tres veces ha sido multada la empresa recolectora de basura,2021-12-17,NEG,0.9978019595146179
22336139.0,Pasmar se enfrenta al Serviu por proceso de expropiación en Alerce,2021-12-28,NEG,0.8408040404319763
47526594.0,Incendio destruye un hospedaje y dos restaurantes en el centro,2021-10-04,NEG,0.9944686889648438
47521760.0,Obras de inmobiliaria bloquean la salida de vecinos desde sus casas en Alto La Paloma,2021-08-14,NEG,0.9981287121772766
47527304.0,Puerto Montt: 10 extranjeros han sido expulsados por narcotráfico en el último año,2021-10-21,NEG,0.4998307228088379
47528093.0,Consulta ciudadana en Alerce tuvo una lenta participación en su primer día,2021-10-17,NEG,0.9922926425933838
47519189.0,Cientistas políticos locales analizan sorpresivos resultados de las primarias,2021-07-19,NEG,0.6202333569526672
47523550.0,Allanan la vivienda de delincuente de 22 años que vendía armas y drogas en una aplicación,2021-09-12,NEG,0.9408514499664307
22384153.0,Detienen a dos extranjeros por tráfico de drogas y permanencia ilegal en Chile,2021-07-18,NEG,0.9818923473358154
47529839.0,Asaltan a dos choferes para robarles vehículos: uno de ellos despertó en el hospital tras golpiza,2021-11-03,NEG,0.7709869146347046
21382070.0,Comunidades de Hornopirén logran paralizar central hidroeléctrica en Corte Suprema marcando un importante precedente,2021-08-25,NEG,0.8684580326080322
21909782.0,97 nuevos contagios de coivd-19 se reportaron este domingo en la región de Los Lagos,2021-12-26,NEG,0.9800815582275391
21914269.0,Salud levantó restricción sanitaria para ingresar a la comuna de Hualaihué,2021-07-31,NEG,0.6415006518363953
21913695.0,Cifras preocupantes registra la región de Los Lagos de niños en situación de calle,2021-08-21,NEG,0.9988548755645752
47526150.0,Delincuentes roban caja fuerte desde un local comercial,2021-10-12,NEG,0.9911243319511414
47391573.0,Carabineros de Puerto Varas detiene a un hombre por femicidio frustrado,2021-11-02,NEG,0.6424067616462708
22396344.0,La provincia de Osorno registra 31 nuevos infectados de coronavirus,2021-12-20,NEG,0.9008185863494873
22336210.0,Sub 23 del CEB Puerto Montt saca pasajes a final de la Liga del Desarrollo,2021-12-15,NEG,0.9866862297058105
47526175.0,"Municipio de Puerto Montt despidió a fallecida funcionaria, Marcia Yonssön",2021-09-27,NEG,0.9413026571273804
47529444.0,Ladrones roban un millón de pesos desde la feria ganadera,2021-11-20,NEG,0.9911102056503296
47522575.0,Vecino de 38 años muere en incendio que consumió una casa en Llanquihue,2021-08-17,NEG,0.9907684922218323
47521836.0,Provincia: 8 casos de coronavirus y un fallecido en nuevo balance de Salud,2021-08-22,NEG,0.9476006031036377
21384257.0,Diputado Bernales denuncia irregularidades en JUNJI Los Lagos,2021-10-08,NEG,0.8742963671684265
21939473.0,Partido Republicano en Puerto Montt califica como un balde de agua fría rechazo del SERVEL,2021-09-03,NEG,0.8939634561538696
21391735.0,Autoridad Marítima de Maullín incautó 430 kilos de almeja,2021-07-06,NEG,0.7115987539291382
22334603.0,Cosal revela trabas para ejecutar mejoramiento de la calle Varas,2021-11-20,NEG,0.970151960849762
47522439.0,Surgen cuestionamientos por el tamaño de la pasarela de Pasmar,2021-08-12,NEG,0.9886837601661682
47527187.0,Tribunal Ambiental ordena paralizar obras por daño a humedales y bosque,2021-10-07,NEG,0.9907287359237671
47523560.0,Tres muertos deja un choque en la ruta Ensenada: los vecinos exigen medidas,2021-09-12,NEG,0.7780731916427612
47391069.0,Hechos ocurrieron en la comuna de Puerto Varas: Condenan a 10 años de cárcel a imputado por violación reiterada,2021-11-05,NEG,0.8589757084846497
22597469.0,Incendio destruye una bodega y un vehículo en el Camino al Mar,2021-12-05,NEG,0.9867691993713379
22395446.0,Osorno y San Pablo tienen la menor cantidad de vacunados con dosis de refuerzo en la zona,2021-12-22,NEG,0.859017014503479
21445807.0,El pasado domingo: Rama Femenina de Básquetbol de Puerto Varas se enfrentó a CAB de Puerto Montt,2021-11-02,NEG,0.5082254409790039
21911613.0,De mal gusto calificó el seremi de obras públicas el corte de ruta por parte de vecinos en el tramo Puerto Montt a Pargua,2021-11-08,NEG,0.9991027116775513
21470296.0,Usuarias y funcionarias de cesfam denunciaron ser víctimas de violencia sexual por parte de profesional del recinto,2021-08-23,NEG,0.950818657875061
21382292.0,Puerto Montt: Mal estado de la ruta del sector Panitao habría provocado accidente que dejó una víctima fatal,2021-07-16,NEG,0.981843888759613
21888772.0,Ordenan paralización de obras de inmobiliaria sobre humedales Alto La Paloma y la Wuiña de Puerto Montt,2021-10-06,NEG,0.7674866318702698
47521380.0,Incautan $200 millones en propiedades y autos a narcos,2021-08-09,NEG,0.9959694147109985
22333558.0,"Dictan prisión para joven que ocultaba más de 2,5 kilos de drogas en Chacao",2021-11-14,NEG,0.7572123408317566
47519806.0,No prosperó el proyecto de edificio de 22 pisos en terrenos del ex Hotel Colina,2021-07-26,NEG,0.9902325868606567
22333448.0,Confirman prisión para implicado en asalto: piden drásticas penas de cárcel,2021-11-05,NEG,0.6305654048919678
21389095.0,Vecinos de Cancha Rayada: inestabilidad del terreno pode en peligro sus casas,2021-07-28,NEG,0.9969095587730408
22336220.0,"""A la derecha le ha faltado meterse en los barrios y ensuciarse los zapatos""",2021-12-27,NEG,0.9964764714241028
21887583.0,Cámara de Comercio de Puerto Montt manifestó preocupación por ayuda para pymes,2021-09-06,NEG,0.9609289765357971
47520700.0,Tres regiones quedan sin electricidad: el corte se originó por la caída de un árbol,2021-08-15,NEG,0.9946582913398743
47520005.0,Detectan alcohol gel sin autorización en un supermercado ancuditano,2021-07-19,NEG,0.9900099635124207
22390422.0,Universidad de Chile busca escalar ante la complicada La Serena,2021-09-06,NEG,0.9853187799453735
22334776.0,Chofer de 28 años muere en colisión frontal de automóviles en San Antonio,2021-11-18,NEG,0.9179380536079407
47525926.0,Por tercer día consecutivo siguen al alza los casos activos de coronavirus en la Región de Los Lagos,2021-09-26,NEG,0.5185534954071045
47531414.0,Plan Paso a paso: Puerto Montt y Calbuco retroceden a la fase 3 y Osorno cae a la 2,2021-11-23,NEG,0.9896746277809143
47524093.0,Por tercer día consecutivo siguen al alza los casos activos de coronavirus en la Región de Los Lagos,2021-09-26,NEG,0.5185534954071045
47530866.0,Incendio en apartada caleta Inío deja cuatro damnificados y un herido,2021-11-05,NEG,0.9712238311767578
22333691.0,40 evacuados deja derrame de químicos en industria ubicada en la Ruta 5 Sur,2021-10-30,NEG,0.9977499842643738
21469378.0,Detienen a hombre que amenazó con un machete a pareja de jóvenes en Alerce,2021-12-06,NEG,0.8479347825050354
21384762.0,Colectiveros se manifiestan “tapando hoyos” por el mal estado de las calles de Puerto Montt,2021-10-21,NEG,0.9984075427055359
21830812.0,Remodelación del acceso Pilauco en Osorno no avanza: Mega obra era uno de los compromisos de este Gobierno,2021-11-25,NEG,0.8724799156188965
21470737.0,Sujeto fue detenido por trata de personas: Entre sus víctimas se encontraba una niña de 5 años,2021-07-26,NEG,0.9312248826026917
47527978.0,Alercinos ven con recelo la consulta ciudadana para votar su independencia,2021-10-15,NEG,0.994971752166748
21914006.0,Más de 33 mil personas dejaron registros de morosidad en la región: Bonos y retiro del 10% contribuyeron,2021-08-18,NEG,0.9649290442466736
47521089.0,La provincia sigue con bajas cifras de coronavirus: hubo sólo 4 este viernes,2021-08-21,NEG,0.9676552414894104
47527400.0,La provincia de Osorno sumó un total de 16 contagios de coronavirus este jueves,2021-10-22,NEG,0.9267778992652893
22390196.0,La provincia de Osorno sumó sólo 5 contagios de coronavirus este domingo,2021-08-30,NEG,0.7796640396118164
47518671.0,Tres jóvenes intentaron llevar 6 kilos de droga a Puerto Varas: cayeron en el peaje,2021-07-23,NEG,0.9789847731590271
47519491.0,Tres jóvenes intentaron llevar 6 kilos de droga a Puerto Varas: cayeron en el peaje,2021-07-23,NEG,0.9789847731590271
22333419.0,Murió niñito de 4 años accidentado en Ancud,2021-11-18,NEG,0.979748547077179
22397127.0,Reportan 45 contagios nuevos de coronavirus en la provincia de Osorno,2021-12-26,NEG,0.8915804624557495
21469760.0,Puerto Montt: Vecinos protestan por paralización de proyecto habitacional,2021-10-14,NEG,0.6618031859397888
47520928.0,La falta de mano de obra golpea a gremios y complica reactivación,2021-08-03,NEG,0.9981456995010376
22333718.0,Dirección de colegio reporta a la Fiscalía presunto abuso sexual,2021-10-28,NEG,0.9563296437263489
22335326.0,"""Pelluco es un punto de más riesgo de siniestros, es un punto crítico en esta región""",2021-12-12,NEG,0.9429009556770325
47519084.0,Peatón muere atropellado y choferes acusan mala iluminación de ruta,2021-07-12,NEG,0.9947010278701782
22388520.0,El Provi cierra su plantel con últimas cinco incorporaciones para afrontar la Tercera A,2021-07-12,NEG,0.9899290204048157
47521270.0,"""Ellos están promoviendo la posibilidad que una persona, cercana a ellos, enferme y muera""",2021-08-08,NEG,0.8430118560791016
22334952.0,"Afirman que el comercio ambulante está ""desbordado"" en Puerto Montt",2021-12-08,NEG,0.9960134029388428
22335226.0,Votos no traspasables: la gran desilusión de los candidatos que iban apoyados por el alcalde,2021-12-07,NEG,0.9993754029273987
47520719.0,Gobernadores electos del sur pedirán detener licitación de los puertos estatales,2021-07-04,NEG,0.865855872631073
47519842.0,En chocolates y un pan de molde intentan ingresar droga a la cárcel,2021-07-24,NEG,0.9612525701522827
47524227.0,Copiapó y Fernández Vial hunden en el fondo a San Luis y Cobreloa,2021-09-27,NEG,0.99785977602005
47524733.0,Colo Colo reclama la cima de la tabla al cierre de la fase regular del torneo,2021-09-12,NEG,0.8058443665504456
47525523.0,Colo Colo reclama la cima de la tabla al cierre de la fase regular del torneo nacional,2021-09-12,NEG,0.8261950016021729
22520760.0,Diputado Jürgensen cuestionó votó en contra de ayuda de PYMES afectadas por violencia del 18-0,2021-07-31,NEG,0.935881495475769
47527370.0,"Ojeda acusa una ""falta sistemática de control en procesos administrativos""",2021-09-27,NEG,0.9982727766036987
47518280.0,Condenan a corporación castreña a pagar $30 millones por bullying,2021-07-01,NEG,0.9970269799232483
47521279.0,A dos años condenan a acusado que falsificó permisos colectivos en la zona,2021-08-08,NEG,0.8788741827011108
47523584.0,Colo Colo reclama la cima de la tabla al cierre de la fase regular del torneo,2021-09-12,NEG,0.8058443665504456
47519908.0,Región sumó 47 nuevos contagios de coronavirus,2021-07-28,NEG,0.9961073994636536
21473571.0,Toma nota: Masivos cortes de luz afectarán a varios sectores de Puerto Montt por 6 horas,2021-10-27,NEG,0.9561331868171692
21409507.0,Incendio deja 2 personas fallecidas en Quellon,2021-07-23,NEG,0.9901014566421509
21380576.0,Diputado Harry Jürgensen cuestiona a la oposición por votar en contra del proyecto que irá en ayuda de PYMES afectadas por violencia del 18-0*,2021-07-30,NEG,0.9122015237808228
21383346.0,Región de Los Lagos se mantiene bajo la media nacional en vacunación con dosis de refuerzo,2021-12-22,NEG,0.8142654299736023
22323169.0,"""Hay lugares que por su fragilidad se están transformando en zonas más riesgosas para desarrollar la acuicultura""",2021-11-07,NEG,0.9895037412643433
47517750.0,Joven gendarme y su bebé fallecen en incendio en población Cipriano Uribe,2021-07-02,NEG,0.9964698553085327
47525893.0,Tribunal ordena paralizar obras por daño a humedales y bosque,2021-10-07,NEG,0.9818668365478516
47521271.0,Vecinos de La Vara rechazan medidas adoptadas por Tribunal Ambiental,2021-08-08,NEG,0.9910913109779358
21909781.0,Defienden decisión de no otorgar terrenos de ex Hospital de Puerto Montt para centro oncológico,2021-12-24,NEG,0.9937732815742493
47521977.0,Quellón: joven queda preso por ataques contra su expareja,2021-08-06,NEG,0.619814932346344
47519595.0,"Mario Pinto: ""Triste igual por no haber clasificado""",2021-07-04,NEG,0.9989086389541626
22396575.0,Carabineros del OS-7 capturan a sujeto de 50 años en plena distribución de drogas,2021-11-19,NEG,0.9359636306762695
47520584.0,Graves sanciones para hinchas que incumplan los protocolos,2021-08-12,NEG,0.9985550045967102
47522462.0,Graves sanciones para hinchas que incumplan los protocolos,2021-08-12,NEG,0.9985550045967102
22330643.0,"""Operación quitasol"": dejan en prisión a los siete imputados en trece robos",2021-11-06,NEG,0.9320723414421082
22333160.0,Joven detectado con marihuana por perro policial quedó en prisión,2021-10-21,NEG,0.9177451133728027
21910453.0,Incendio forestal incontrolable sacude a Castro y consume a más de un centenar de viviendas,2021-12-09,NEG,0.9984099864959717
21431415.0,"Región de Los Lagos se mantiene bajo la media nacional en vacunación con dosis de refuerzo, solo alcanza un 63,5% de población vacunada",2021-12-22,NEG,0.9942057728767395
21469214.0,"[VIDEO] ""No lo quería matar"": El duro testimonio de Miguelina Espinoza a 4 años de dar muerte a su pareja",2021-12-15,NEG,0.9978058934211731
47527869.0,Dos casonas con data de 80 años fueron destruidas por un incendio,2021-09-30,NEG,0.8943709135055542
47520715.0,Alta demanda en la urgencia preocupa a líder de enfermeras,2021-07-04,NEG,0.9675142765045166
47522758.0,La amenaza que presenta llegada a la región de temida variante delta,2021-08-21,NEG,0.9978697299957275
47521118.0,Cambio climático golpeará con fuerza a la región en el corto plazo,2021-08-05,NEG,0.9977542757987976
47523076.0,Listas a medias e incertidumbre: los partidos no logran zanjar cartas a core,2021-08-26,NEG,0.9989209175109863
47520517.0,Migrantes trabajaban a cambio de comida y residían en casa sin puertas ni ventanas,2021-07-27,NEG,0.8328746557235718
22332220.0,"""Congo"" propina otro golpe al tráfico en Chacao: detectó casi un kilo de cannabis",2021-10-20,NEG,0.9852545261383057
22396691.0,Los incendios forestales no detienen su avance: miles de hectáreas consumidas,2021-12-27,NEG,0.9894990921020508
22396157.0,Investigan incendio que deja cuatro personas damnificadas en Rahue Alto,2021-12-23,NEG,0.5864470601081848
47534445.0,Los incendios forestales no detienen su avance: miles de hectáreas consumidas,2021-12-27,NEG,0.9894990921020508
22333095.0,Hallaron sin vida a subdirector del Instituto del Mar de Chonchi,2021-10-27,NEG,0.5282399654388428
22334755.0,Llanquihue retrocede a fase 3 y región marca cifras más altas de últimos 4 meses,2021-11-12,NEG,0.9908908009529114
21469454.0,La exorbitante suma que pagó por error una mujer de Puerto Montt por pasajes a Argentina,2021-12-02,NEG,0.998340368270874
21427669.0,Puerto Montt tuvo mayor aumento de cáncer de mamas en territorio Del Reloncaví,2021-10-20,NEG,0.99205482006073
21379952.0,Puerto Montt tuvo mayor aumento de cáncer de mamas en territorio Del Reloncaví,2021-10-20,NEG,0.99205482006073
47517740.0,Dueña de un restaurante inicia huelga de hambre tras detención,2021-07-02,NEG,0.9954867959022522
47526790.0,"Cerca de 100 vehículos ""tuneados"" han sido requisados por la policía",2021-10-09,NEG,0.9923126101493835
47533030.0,"Relajo, ruralidad y temores: las claves de la baja vacunación de refuerzo en Los Lagos",2021-12-25,NEG,0.9426844716072083
47529593.0,Radiografía a las pedagogías: baja de interesados preocupa al sector,2021-11-02,NEG,0.9970970153808594
47523942.0,"""Hoy día me tiraron mierda y orina. Mañana, si me pillan desprevenido, me pueden tirar ácido""",2021-09-24,NEG,0.9955313801765442
47516697.0,Joven gendarme y su bebé fallecen en incendio en población Cipriano Uribe,2021-07-02,NEG,0.9964698553085327
47527758.0,"""Hoy día me tiraron mierda y orina. Mañana, si me pillan desprevenido, me pueden tirar ácido""",2021-09-24,NEG,0.9955313801765442
47527041.0,"""Hoy me tiraron mierda y orina. Mañana, si me pillan desprevenido, me pueden tirar ácido""",2021-09-25,NEG,0.9949381351470947
22333115.0,18-O: con el intento de saqueo a la ex Gobernación terminó masiva marcha,2021-10-19,NEG,0.7298354506492615
22330119.0,Negras jornadas viven las escuadras de la provincia en la Copa Chile CDO+,2021-11-09,NEG,0.9983450174331665
47525998.0,Suprema ratifica que 'muni' de Ancud debe pagar $5 millones por mal estado de vereda,2021-09-17,NEG,0.9758716225624084
22335094.0,Profesor es detenido por tráfico de marihuana en Llanquihue,2021-11-26,NEG,0.749511182308197
22596122.0,La 'Celeste' cae en su debut por la Copa Chile,2021-10-18,NEG,0.9880841374397278
21379436.0,Fuerte defensa de Senador Quinteros a construcción de centro oncológico en los Lagos,2021-12-21,NEG,0.5991344451904297
21410718.0,Fuerte defensa de Senador Quinteros a construcción de centro oncológico en los Lagos,2021-12-21,NEG,0.5991344451904297
47380538.0,Autoridades declararon Alerta Amarilla en la comuna de Puerto Varas por incendio forestal y fuertes vientos,2021-12-07,NEG,0.7473511099815369
47524389.0,Pilotos desafiaron nuevamente los caminos de Osorno,2021-09-29,NEG,0.999090313911438
47520606.0,Hijo del año: imputado agrede a su papá a la salida de tribunal y lo detienen otra vez,2021-08-13,NEG,0.9770303964614868
22335798.0,Anciano queda en prisión por incendio forestal en sector Nercón La Montaña,2021-12-13,NEG,0.9764686822891235
22391108.0,Un tío y su sobrina fallecen en un voraz incendio en San Pablo,2021-11-30,NEG,0.9953749775886536
21432799.0,"Tasa de desocupación en la región de Los Lagos se ubicó en 3,9% en el trimestre mayo -junio- julio",2021-09-01,NEG,0.8864338397979736
22332043.0,Locatarios se quejan por exigente control en Fiesta de la Chilenidad,2021-09-18,NEG,0.9971420168876648
22328133.0,"Asamblea califica de ""burla"" falta de contactos para cita con ministra",2021-09-24,NEG,0.9968185424804688
47530767.0,PDA: sólo un 25% de la meta de recambio de calefactores se ha logrado en seis años en Osorno,2021-11-28,NEG,0.8939714431762695
47519907.0,Trabajadores de unidad crítica acusan abandono de autoridades,2021-07-28,NEG,0.9896620512008667
47526129.0,En una semana robaron dos veces en escuela de lenguaje,2021-09-29,NEG,0.9988977909088135
47528536.0,Incendio provoca serios daños en dos céntricos restaurantes,2021-10-22,NEG,0.9970062375068665
22596110.0,Falta de maternidad en hospitales genera críticas,2021-10-18,NEG,0.9982957243919373
47523182.0,Ratifican cárcel para joven que asesinó a su padre,2021-08-12,NEG,0.9684388637542725
21381921.0,Prisión preventiva para involucrados en robo e incendio de vehículo,2021-10-13,NEG,0.6225312352180481
47527065.0,Los vecinos de Pelluco denuncian que viven un infierno en las noches,2021-10-08,NEG,0.9981801509857178
47522564.0,"""Este congelamiento de permisos, de verdad que no nos pone contentos""",2021-08-17,NEG,0.9994615912437439
47529775.0,Atrasados y online: los puntos que aún afligen a la educación superior,2021-11-10,NEG,0.7671452760696411
22334011.0,Decretan Estado de Catástrofe por el megaincendio en Castro,2021-12-11,NEG,0.9745722413063049
22335770.0,Peritos policiales indagan macabro hallazgo de cadáver en casa de Auchac,2021-11-19,NEG,0.9745780825614929
47530018.0,"Infraestructura hospitalaria, una deuda con Chiloé",2021-10-25,NEG,0.5508268475532532
47531309.0,"""Cuando voy a Chiloé la gente reclama de la carestía que fabricó el propio congreso con los retiros previsionales""",2021-11-14,NEG,0.9989073276519775
47521373.0,TC paraliza proceso por muerte de cliente en el Casino Dreams lacustre,2021-08-09,NEG,0.6938731670379639
47522976.0,Universidad de Chile arrasa con La Calera y le da una mano al puntero Colo Colo,2021-08-23,NEG,0.9026747345924377
47521878.0,Universidad de Chile arrasa con La Calera y le da una mano al puntero Colo Colo,2021-08-23,NEG,0.9026747345924377
22334570.0,Castro cambia de fase con una alta tasa de incidencia de casos,2021-11-03,NEG,0.7706118226051331
21443240.0,Finalizó participación de la Rama Femenina de Puerto Varas en Copa Magallanes,2021-12-16,NEG,0.6313282251358032
47521094.0,La amenaza que presenta la llegada a la Región de Los Lagos de la temida variante delta,2021-08-21,NEG,0.9979982972145081
22397030.0,Incendio destruye tres cabañas de turismo y una bodega en Los Carrera,2021-12-11,NEG,0.9910686016082764
47526559.0,Familia pierde por segunda vez su hogar en un incendio,2021-09-18,NEG,0.9978740215301514
22326107.0,Entre 70 y 120 casas destruidas y cientos de evacuados por incendio forestal en Castro,2021-12-10,NEG,0.9834086894989014
47523112.0,20% menos de lluvia es uno de efectos más inmediatos del cambio climático en Chiloé,2021-08-15,NEG,0.9958645105361938
22323028.0,Revelan alto endeudamiento por cuentas impagas de agua y de luz,2021-12-29,NEG,0.9978309273719788
47519188.0,Boric y Sichel ganan en las urnas del país y la Región de Los Lagos,2021-07-19,NEG,0.8237966299057007
47525423.0,Una tonelada de basura retiraron en el Día de la Limpieza de Playas,2021-09-25,NEG,0.9919601082801819
47526396.0,Cámaras de Comercio critican el aumento de vendedores ambulantes en el centro osornino,2021-10-14,NEG,0.98194420337677
22335873.0,Baja respuesta a dosis de refuerzo inquieta a autoridades de salud,2021-12-14,NEG,0.9910127520561218
22330542.0,Encuesta ULagos revela una pésima evaluación de autoridades regionales,2021-11-05,NEG,0.9992722868919373
47517185.0,Provincia: alcaldes y dirigentes critican aplicación del Paso a Paso,2021-07-10,NEG,0.994978129863739
22325897.0,Alerta Roja: incendios destruyen más de 100 casas y una empresa,2021-12-10,NEG,0.9983139038085938
47518535.0,Encapuchados destruyen maquinaria forestal en dos predios de Río Negro,2021-07-19,NEG,0.9918479919433594
47519196.0,Encapuchados destruyen maquinaria forestal en dos predios de Río Negro,2021-07-19,NEG,0.9918479919433594
47519931.0,Vecinos no pudieron salvar a anciano de incendio en su casa,2021-07-18,NEG,0.9991932511329651
47527522.0,Adultos mayores irrumpen en el Core para exigir un geriátrico,2021-10-24,NEG,0.9921365976333618
22336113.0,Municipios anuncian que no iluminarán el cielo para recibir 2022,2021-12-30,NEG,0.6160977482795715
22330029.0,Tres comunas chilotas retroceden a preparación,2021-11-23,NEG,0.8524757623672485
22330037.0,Tribunal condena a joven a 15 años y un día de cárcel por matar al padre en la vía pública,2021-11-23,NEG,0.9290223121643066
22395484.0,Una familia pierde por segunda vez su hogar en un incendio que afectó a otros inmuebles,2021-09-18,NEG,0.9988131523132324
47528823.0,Adultos mayores irrumpen en el Core para exigir un geriátrico,2021-10-24,NEG,0.9921365976333618
47529195.0,Horrendo crimen en Castro: hallan cuerpo con amarras y un cable al cuello,2021-10-17,NEG,0.9987338185310364
47529880.0,Ancud: recogen más de una tonelada de basura desde el fondo marino,2021-10-19,NEG,0.9980310797691345
47522788.0,Vecino ataca a otro con hacha: lo acusó de tener música alta,2021-08-24,NEG,0.9956515431404114
47524678.0,Ancud: llaman a anticiparse a la escasez de agua del verano,2021-09-01,NEG,0.9984612464904785
47533314.0,Entre 70 y 120 casas destruidas y cientos de evacuados por incendio forestal en Castro,2021-12-10,NEG,0.9834086894989014
47521376.0,"""Hay mucha ignorancia y egoísmo tremendo entre los anti vacunas""",2021-08-09,NEG,0.9993070363998413
22327734.0,Dejan en prisión a adulto mayor imputado de abusos sexuales contra hija de su trabajadora,2021-09-15,NEG,0.9958423972129822
22329616.0,Recurren a la justicia por emanación de gases en pleno centro de Quellón,2021-10-30,NEG,0.9398638010025024
22322638.0,Chiloé: la SMA formula cargos a Cal Austral por una operación deficiente,2021-10-29,NEG,0.998252809047699
21382812.0,Docente acusa que Corporación se niega a cumplir resolución judicial,2021-12-23,NEG,0.9990429282188416
21385402.0,Hija de Mónica Masilla: “La justicia no estuvo a la altura con el caso de mi mamá”,2021-09-21,NEG,0.9987038373947144
21388485.0,Albán Mancilla: “En el último tiempo Chiloé no ha sido suficientemente representando por sus diputados”,2021-08-09,NEG,0.9989896416664124
21390203.0,Paciente en diálisis acusa discriminación en traslado por usar silla de ruedas,2021-07-16,NEG,0.8963484764099121
21380007.0,La crisis del agua a escala humana,2021-08-17,NEG,0.9989390969276428
47522983.0,Inquieta aumento de parquímetros informales en el sector céntrico,2021-08-28,NEG,0.9489683508872986
22596256.0,Joven asesinado en Castro Alto sufrió 46 lesiones: imputados quedan presos,2021-10-28,NEG,0.5427179932594299
47521162.0,Investigan presunto acoso sexual del jefe de zona de Carabineros,2021-08-06,NEG,0.9203992486000061
47521972.0,Rescatan a 5 pescadores al noroeste de Chiloé en medio de intenso temporal,2021-08-06,NEG,0.974850058555603
47520637.0,Cochamó: vecinos del Paso El León están sin electricidad y conexión para celulares,2021-08-16,NEG,0.9989056587219238
47520194.0,Investigan presunto acoso sexual del jefe de zona de Carabineros,2021-08-06,NEG,0.9203992486000061
47526197.0,Notoria alza de precios de la carne en víspera de las Fiestas Patrias,2021-09-15,NEG,0.9844222068786621
22332474.0,Amigos quedan presos en Castro por receptación e incendio de auto robado,2021-10-13,NEG,0.9785749912261963
22330959.0,GORE decreta Estado de Emergencia Climática y Ambiental en la región,2021-08-17,NEG,0.758733332157135
47531412.0,Centroderecha dominó los cupos del Consejo Regional y aparecen nuevas caras en el ente,2021-11-23,NEG,0.9902008175849915
47530242.0,SMA formula cargos graves por mala operación de Cal Austral,2021-10-29,NEG,0.9961082339286804
47520993.0,Tío y sobrina fallecen en una noche infernal en Quellón,2021-07-24,NEG,0.9905838966369629
47522634.0,Municipios preparan eventos dieciocheros austeros a la espera de anuncios del gobierno,2021-08-20,NEG,0.9976335763931274
47522344.0,"Vecinos de Paso El León, en Cochamó, están sin electricidad y sin conexión para celulares",2021-08-15,NEG,0.9986252784729004
22335181.0,Falta de lluvias tendrá impacto a corto plazo en la actividad agrícola,2021-12-10,NEG,0.9885496497154236
22333129.0,Saqueos y destrucción empañan gran manifestación por el 18-O en la capital,2021-10-19,NEG,0.99698406457901
22325707.0,Saqueos y destrucción empañan gran manifestación por el 18-O en la capital,2021-10-19,NEG,0.99698406457901
22326097.0,Falta de lluvias tendrá impacto a corto plazo en la actividad agrícola,2021-12-10,NEG,0.9885496497154236
22333736.0,"Dos detenidos por negarse a ser vocales quebraron la ""calma"" en los comicios",2021-11-22,NEG,0.9651579856872559
21382707.0,2.400 hogares en Puerto Varas presentan morosidad en el pago de servicios básicos,2021-08-20,NEG,0.9989035129547119
21383773.0,Vecinos buscan que reduzcan permiso de acopio en Cal Austral,2021-09-21,NEG,0.6415993571281433
47521157.0,Protestas de pescadores y cortes de ruta complican conectividad,2021-08-06,NEG,0.9981440305709839
47522757.0,"Gremios acusan que nueva ley de alcoholes tiene ""letra chica"" y que coarta las libertades",2021-08-21,NEG,0.9970325231552124
47520518.0,"Gobernador regional cuestiona el proceso de instalación desde su ""oficina transitoria""",2021-07-27,NEG,0.8571408987045288
47519167.0,"Agrupación medioambiental critica a la DOM de ""favorecer a inmobiliarias""",2021-07-21,NEG,0.9908508658409119
47523082.0,"Sebastián Sichel al Gobierno: ""Que se acabe, por favor, el toque de queda""",2021-08-26,NEG,0.9804891347885132
47527539.0,Queman máquinas en faena forestal y contratista queda al borde de la quiebra,2021-10-30,NEG,0.9989972710609436
22389855.0,"Sebastián Sichel al Gobierno: ""Que se acabe, por favor, el toque de queda""",2021-08-26,NEG,0.9804891347885132
22330866.0,Solicitan a Vallespín declarar Estado de Emergencia Climática y Ambiental en Los Lagos,2021-08-16,NEG,0.7549764513969421
22333347.0,Impacto genera mortal hallazgo de querido directivo del Idemar de Chonchi,2021-10-27,NEG,0.9969176054000854
47526216.0,Anciana muere en incendio que arrasó dos casas en Ancud,2021-09-16,NEG,0.9181253910064697
47524536.0,Tribunal declara culpable a carabinero que disparó una bomba lacrimógena que fracturó cráneo de adolescente,2021-09-08,NEG,0.6382633447647095
47524535.0,Escolar de 14 años muere atropellado por un microbús en la Villa Melihuén,2021-09-08,NEG,0.9431079030036926
47529138.0,Queman máquinas en faena forestal y contratista queda al borde de la quiebra,2021-10-30,NEG,0.9989972710609436
47519301.0,"Vecinos de Huelmo intentan frenar obras de piscicultura, acusándola de dañar el entorno",2021-07-20,NEG,0.9944297671318054
47522571.0,Gobernador Vallespín declara estado de alerta climática y ambiental en la Región de Los Lagos,2021-08-17,NEG,0.6619827747344971
47521229.0,Archivan causa por naufragio de la Katrina al sur de Quellón,2021-07-26,NEG,0.7532161474227905
22329755.0,Ratifican presidio para implicados en bestial asesinato de joven en Castro,2021-11-06,NEG,0.98712557554245
21428532.0,"Más de 14,2% bajó el número de morosos entre junio de 2020 y junio de 2021",2021-08-17,NEG,0.8351381421089172
21385892.0,Preocupante silencio de autoridades frente al retraso en traspaso de terreno para nuevo Hospital Base,2021-09-15,NEG,0.9990649819374084
21379859.0,Récord con 172 comunas: 45% de la población en Chile está bajo decretos de escasez hídrica,2021-10-20,NEG,0.9911230802536011
47519445.0,Investigan incendio en el que falleció mujer y 3 personas resultaron heridas,2021-07-16,NEG,0.9572044610977173
47520260.0,Presentan una abultada cartera de proyectos para beneficiar a los vecinos de Purranque,2021-08-05,NEG,0.9972190856933594
22396513.0,"""Estamos frente a un delito un poco desconocido en la criminalidad de Chile""",2021-11-08,NEG,0.9990118741989136
22333762.0,Impacto causa en Ancud reportaje que cuestiona crisis de la Corporación y la investigación de la Fiscalía sobre el tema,2021-11-24,NEG,0.9974881410598755
22336285.0,"""Hay mucha caricatura en torno a que le vamos a hacer daño al país""",2021-12-16,NEG,0.9993215799331665
22396461.0,Seremi de Salud mantiene bloqueados 138 pases de movilidad por incumplimientos,2021-10-28,NEG,0.9526550769805908
22334925.0,"""Muchos vecinos dicen que no votarán porque ningún candidato los representa""",2021-12-02,NEG,0.9621680378913879
22328902.0,Los tres problemas que aquejan a vecinos y comerciantes de la calle Antonio Varas,2021-10-13,NEG,0.9991912245750427
22330436.0,"Polémica en Municipio por 205 sumarios sin respuesta, entre ellos de abuso sexual y laboral",2021-09-09,NEG,0.9990436434745789
21383725.0,Conaf responde a cuestionamientos por protocolos de prevención tras megaincendio en Castro,2021-12-17,NEG,0.7859008312225342
22335067.0,Incertidumbre generan en la región los cambios en plan Fronteras Protegidas,2021-11-30,NEG,0.9983851909637451
47523382.0,"En discutido Concejo Municipal, se rechazó millonaria asignación de dineros a medios",2021-09-02,NEG,0.988054096698761
22333853.0,Contraloría ordena al S. S. Chiloé regularizar pagos en exceso que,2021-11-28,NEG,0.8882613778114319
47529662.0,Criminal queda preso por bestial ataque armado a una adulta mayor en Ancud,2021-10-22,NEG,0.9811999201774597
47519087.0,Sorpresivo recorte al presupuesto del nuevo Gobierno Regional causa molestia en la zona,2021-07-12,NEG,0.9992839694023132
47533283.0,Imputado de matar a su vecino en Chile Barrio es detenido semidesnudo en Ruta 5,2021-12-14,NEG,0.9934037327766418
22327067.0,Advierten problemas de escasez de agua para un futuro cercano,2021-08-23,NEG,0.9873408675193787
47525237.0,"""Me advirtieron de conductas prepotentes de Cuitiño, especialmente con las mujeres""",2021-09-22,NEG,0.9814872741699219
22396218.0,Su gran votación no les alcanzó: los más perjudicados por el sistema de votación,2021-11-25,NEG,0.9994133710861206
47531305.0,"Proyecto comercial causa inquietud en la ""Feria de las pulgas"" de Ancud",2021-11-14,NEG,0.9984123706817627
47531563.0,Su gran votación no les alcanzó: los más perjudicados por el sistema de votación,2021-11-24,NEG,0.9994133710861206
22325821.0,Joven muere electrocutado a 24 horas de haber recibido su título profesional,2021-12-04,NEG,0.9129799008369446
22328896.0,Puerto Varas es la ciudad más cara para comprar y arrendar en la zona sur,2021-10-13,NEG,0.5508583188056946
22326597.0,"""No hemos estado a la altura de las expectativas de la ciudadanía""",2021-09-13,NEG,0.9987252354621887
47523842.0,Un muerto y 11 heridos deja seguidilla de siniestros vehiculares en la provincia,2021-08-26,NEG,0.9979408383369446
22597506.0,Migración a zonas rurales y falta de dotación en salud se toma debate,2021-11-04,NEG,0.8024985194206238
47517785.0,"""Se tiene que sancionar de manera dura a las personas que roban agua""",2021-07-09,NEG,0.5864500403404236
47533329.0,Llamas arrasan con 6 palafitos dejando 20 damnificados,2021-12-05,NEG,0.9982605576515198
47523177.0,Queridos vecinos mueren tras incendio en el centro de Castro,2021-08-12,NEG,0.9961152076721191
22396939.0,Joven madre y su hijo mueren en fatal incendio que destruyó nueve viviendas,2021-11-12,NEG,0.9987975358963013
47518663.0,Falta de dosis Pfizer paraliza el proceso para niños de 14 años,2021-07-23,NEG,0.9988081455230713
47524052.0,Demanda por PCR desciende un 20% entre agosto y septiembre,2021-09-18,NEG,0.6929797530174255
22390284.0,Purranque registra alza de casos tras funeral de persona infectada,2021-09-01,NEG,0.9299806952476501
47518267.0,Quelloninos se movilizan acusando negligencias médicas: BH indaga un caso,2021-07-01,NEG,0.9845749139785767
47532940.0,Ciclista muere y nueve personas resultan lesionadas en nefasta racha de siniestros,2021-11-15,NEG,0.9984732270240784
47521264.0,Montañistas denuncian arbitrario cierre de acceso privado a volcán,2021-08-08,NEG,0.9776331782341003
47524693.0,Servel baja de carrera a 81 cartas a consejero regional de Los Lagos,2021-09-07,NEG,0.9852590560913086
47527587.0,El 93% de los pacientes que llegan a la UCI carece del esquema de vacunas contra el coronavirus,2021-10-26,NEG,0.9905372262001038
22330429.0,Chofer que atropelló y mató a escolar no respetó paso peatonal,2021-09-09,NEG,0.9990261793136597
22334750.0,Imposición ministerial de clases presenciales en 2022 saca roncha,2021-11-12,NEG,0.9970059990882874
47522504.0,El drama de los 19 pacientes que viven en los hospitales de la zona tras el abandono de sus familias,2021-08-30,NEG,0.9989483952522278
47522430.0,Cuestionan la demora en la designación del nuevo fiscal,2021-08-16,NEG,0.8829835057258606
47520632.0,Cuestionan la demora en la designación del nuevo fiscal de la causa del puente Cancura,2021-08-16,NEG,0.8781277537345886
22327492.0,Familias se reúnen en la frontera tras un año y medio sin contacto,2021-09-11,NEG,0.9428259134292603
47527458.0,"""Los adolescentes en conflicto con la justicia son los más rechazados entre los rechazados""",2021-10-12,NEG,0.9991101622581482
47518014.0,Primarias se preparan en medio del fantasma de alta abstención,2021-07-17,NEG,0.9989997744560242
47522660.0,"Incendio fatal: vecinos acusan que La Rotonda es una ""bomba de tiempo""",2021-08-19,NEG,0.9805441498756409
47524272.0,Servel baja de carrera a 81 cartas a consejero regional de Los Lagos,2021-09-06,NEG,0.9852590560913086
47524143.0,Servel rechazó 24 candidaturas a diputado en Región de Los Lagos,2021-09-04,NEG,0.9876326322555542
47517834.0,Vecinos de Chinquihue acusan a industrias de contaminar el lugar,2021-07-05,NEG,0.9980085492134094
47517933.0,El difícil período de instalación de la Convención Constitucional,2021-07-06,NEG,0.9986870884895325
47522784.0,"""El cambio climático puede tener grandes efectos en las pesquerías importantes""",2021-08-24,NEG,0.9963769316673279
47519443.0,"""Es absurdo que sea el delegado quien se va a juntar con los ministros de cada sector""",2021-07-16,NEG,0.9993719458580017
